gene,clean_gene,Class,Subclass,spacer,pam,gc_content,final_score,rank
blaOXA,blaoxa,BETA-LACTAM,BETA-LACTAM,AGCCTTATCGGCTGTGTTGA,TGG,0.5,1.0,1
blaOXA,blaoxa,BETA-LACTAM,BETA-LACTAM,AACGATGATTGGCATGCCTG,CGG,0.5,1.0,2
blaOXA,blaoxa,BETA-LACTAM,BETA-LACTAM,CGAACATAAAACCCAAGGCG,TGG,0.5,1.0,3
blaOXA,blaoxa,BETA-LACTAM,BETA-LACTAM,CTGGAACGAGAATACACAGC,AGG,0.5,1.0,4
blaOXA,blaoxa,BETA-LACTAM,BETA-LACTAM,GACAGTTTTTGGCTCGATGG,TGG,0.5,1.0,5
blaTEM,blatem,BETA-LACTAM,BETA-LACTAM,TTTTGCTCACCCAGAAACGC,TGG,0.5,1.0,1
blaTEM,blatem,BETA-LACTAM,BETA-LACTAM,ACGAGTGGGTTACATCGAAC,TGG,0.5,1.0,2
blaTEM,blatem,BETA-LACTAM,BETA-LACTAM,GTATTATCCCGTGTTGACGC,CGG,0.5,1.0,3
blaTEM,blatem,BETA-LACTAM,BETA-LACTAM,TATTATCCCGTGTTGACGCC,GGG,0.5,1.0,4
blaTEM,blatem,BETA-LACTAM,BETA-LACTAM,TTTTGCTCACCCAGAAACGC,TGG,0.5,1.0,5
blaTEM-156,blatem156,BETA-LACTAM,BETA-LACTAM,TTTTGCTCACCCAGAAACGC,TGG,0.5,1.0,1
blaTEM-156,blatem156,BETA-LACTAM,BETA-LACTAM,ACGAGTGGGTTACATCGAAC,TGG,0.5,1.0,2
blaTEM-156,blatem156,BETA-LACTAM,BETA-LACTAM,GTATTATCCCGTGTTGACGC,CGG,0.5,1.0,3
blaTEM-156,blatem156,BETA-LACTAM,BETA-LACTAM,TATTATCCCGTGTTGACGCC,GGG,0.5,1.0,4
blaTEM-156,blatem156,BETA-LACTAM,BETA-LACTAM,ATGGAGGCGGATAAAGTTGC,AGG,0.5,1.0,5
blaTEMp_G162T,blatempg162t,BETA-LACTAM,AMOXICILLIN-CLAVULANIC_ACID/PIPERACILLIN-TAZOBACTAM/TICARCILLIN-CLAVULANIC_ACID,TTTTGCTCACCCAGAAACGC,TGG,0.5,1.0,1
blaTEMp_G162T,blatempg162t,BETA-LACTAM,AMOXICILLIN-CLAVULANIC_ACID/PIPERACILLIN-TAZOBACTAM/TICARCILLIN-CLAVULANIC_ACID,ACGAGTGGGTTACATCGAAC,TGG,0.5,1.0,2
blaTEMp_G162T,blatempg162t,BETA-LACTAM,AMOXICILLIN-CLAVULANIC_ACID/PIPERACILLIN-TAZOBACTAM/TICARCILLIN-CLAVULANIC_ACID,GTATTATCCCGTGTTGACGC,CGG,0.5,1.0,3
blaTEMp_G162T,blatempg162t,BETA-LACTAM,AMOXICILLIN-CLAVULANIC_ACID/PIPERACILLIN-TAZOBACTAM/TICARCILLIN-CLAVULANIC_ACID,TATTATCCCGTGTTGACGCC,GGG,0.5,1.0,4
blaTEMp_G162T,blatempg162t,BETA-LACTAM,AMOXICILLIN-CLAVULANIC_ACID/PIPERACILLIN-TAZOBACTAM/TICARCILLIN-CLAVULANIC_ACID,ATGGAGGCGGATAAAGTTGC,AGG,0.5,1.0,5
