gene,position,strand,spacer,pam,gc_content,on_target_score,offtarget_hits_0mm,offtarget_hits_1mm,offtarget_hits_2mm,offtarget_hits_3mm,offtarget_penalty,specificity_score,total_strains,perfect_match_strains,one_mismatch_or_better_strains,pam_supported_strains,perfect_match_fraction,one_mismatch_or_better_fraction,pam_supported_fraction,conservation_score,mean_strain_score,min_strain_score,std_strain_score,final_score,classification,off_target,wt_seq,cfd_score,MIT_pair_score
blaKPC,171,+,AGAGCCTTACTGCCCGAAGG,CGG,60.0,82.0,0,0,0,0,0,100.0,3,3,3,3,1.0,1.0,1.0,100.0,100.0,100.0,0.0,92.8,Excellent,AGAGCCTTACTGCCCGAAAGGGG,AGAGCCTTACTGCCCGAAGGGGG,0.7142857140000001,0.31499999999999995
blaKPC,174,+,GCCTTACTGCCCGAAGGCGG,CGG,70.0,82.0,0,0,0,0,0,100.0,3,3,3,3,1.0,1.0,1.0,100.0,100.0,100.0,0.0,92.8,Excellent,GCCTTACTGCCCGAAGGCAGGGG,GCCTTACTGCCCGAAGGCGGGGG,0.7142857140000001,0.31499999999999995
blaKPC,248,+,CGGCTCCATCGGTGTGTACG,CGG,65.0,82.0,0,0,0,0,0,100.0,3,3,3,3,1.0,1.0,1.0,100.0,100.0,100.0,0.0,92.8,Excellent,CGGCTCCATCGGTGTGTAAGGGG,CGGCTCCATCGGTGTGTACGGGG,0.428571429,0.31499999999999995
blaKPC,282,-,AGCGACGGAATAGTGTATGG,CGG,50.0,82.0,0,0,0,0,0,100.0,3,3,3,3,1.0,1.0,1.0,100.0,100.0,100.0,0.0,92.8,Excellent,AGCGACGGAATAGTGTATAGGGG,AGCGACGGAATAGTGTATGGGGG,0.7142857140000001,0.31499999999999995
blaKPC,205,-,AGCGACGGAATAGTGTATGG,CGG,50.0,82.0,0,0,0,0,0,100.0,3,3,3,3,1.0,1.0,1.0,100.0,100.0,100.0,0.0,92.8,Excellent,AGCGACGGAATAGTGTATAGGGG,AGCGACGGAATAGTGTATGGGGG,0.7142857140000001,0.31499999999999995
blaKPC,81,-,AGCAGCAGCAGCAACAACGG,CGG,60.0,82.0,0,0,0,0,0,100.0,3,3,3,3,1.0,1.0,1.0,100.0,100.0,100.0,0.0,92.8,Excellent,AGCAGCAGCAGCAACAACAGGGG,AGCAGCAGCAGCAACAACGGGGG,0.7142857140000001,0.31499999999999995
blaKPC,78,-,AGCAGCAGCAACAACGGCGG,CGG,65.0,82.0,0,0,0,0,0,100.0,3,3,3,3,1.0,1.0,1.0,100.0,100.0,100.0,0.0,92.8,Excellent,AGCAGCAGCAACAACGGCAGGGG,AGCAGCAGCAACAACGGCGGGGG,0.7142857140000001,0.31499999999999995
blaKPC,38,-,AACAAGGATGACAAGCACAG,CGG,45.0,82.0,0,0,0,0,0,100.0,3,3,3,3,1.0,1.0,1.0,100.0,100.0,100.0,0.0,92.8,Excellent,AACAAGGATGACAAGCACAGGGG,AACAAGGATGACAAGCACAGGGG,1.0,1.0
blaKPC,44,+,TGCTTGTCATCCTTGTTAGG,CGG,45.0,80.0,0,0,0,0,0,100.0,3,3,3,3,1.0,1.0,1.0,100.0,100.0,100.0,0.0,92.0,Excellent,TGCTTGTCATCCTTGTTAAGGGG,TGCTTGTCATCCTTGTTAGGGGG,0.7142857140000001,0.31499999999999995
blaKPC,47,+,TTGTCATCCTTGTTAGGCGG,CGG,50.0,80.0,0,0,0,0,0,100.0,3,3,3,3,1.0,1.0,1.0,100.0,100.0,100.0,0.0,92.0,Excellent,TTGTCATCCTTGTTAGGCAGGGG,TTGTCATCCTTGTTAGGCGGGGG,0.7142857140000001,0.31499999999999995
blaKPC,83,+,GCCGTTGTTGCTGCTGCTGC,TGG,65.0,80.0,0,0,0,0,0,100.0,3,3,3,3,1.0,1.0,1.0,100.0,100.0,100.0,0.0,92.0,Excellent,GCCGTTGTTGCTGCTGCTACGGG,GCCGTTGTTGCTGCTGCTGCGGG,0.7142857140000001,0.31499999999999995
blaKPC,96,+,CTGCTGCTGGCTGTTGCTGC,TGG,65.0,80.0,0,0,0,0,0,100.0,3,3,3,3,1.0,1.0,1.0,100.0,100.0,100.0,0.0,92.0,Excellent,CTGCTGCTGGCTGTTGCTACGGG,CTGCTGCTGGCTGTTGCTGCGGG,0.7142857140000001,0.31499999999999995
blaKPC,100,+,TGCTGGCTGTTGCTGCTGGC,TGG,65.0,78.0,0,0,0,0,0,100.0,3,3,3,3,1.0,1.0,1.0,100.0,100.0,100.0,0.0,91.2,Excellent,TGCTGGCTGTTGCTGCTGACGGG,TGCTGGCTGTTGCTGCTGGCGGG,0.7142857140000001,0.31499999999999995
blaKPC,107,+,TGTTGCTGCTGGCTGGCTGC,TGG,65.0,78.0,0,0,0,0,0,100.0,3,3,3,3,1.0,1.0,1.0,100.0,100.0,100.0,0.0,91.2,Excellent,TGTTGCTGCTGGCTGGCTACGGG,TGTTGCTGCTGGCTGGCTGCGGG,0.7142857140000001,0.31499999999999995
blaKPC,184,-,GGCGATAACGCCGCCGCCTT,CGG,70.0,78.0,0,0,0,0,0,100.0,3,3,3,3,1.0,1.0,1.0,100.0,100.0,100.0,0.0,91.2,Excellent,GGCGATAACGCCGCCGCCATGGG,GGCGATAACGCCGCCGCCTTGGG,0.285714286,0.31499999999999995
blaKPC,84,-,GCCAGCAGCAGCAGCAACAA,CGG,60.0,78.0,0,0,0,0,0,100.0,3,3,3,3,1.0,1.0,1.0,100.0,100.0,100.0,0.0,91.2,Excellent,GCCAGCAGCAGCAGCAACAAGGG,GCCAGCAGCAGCAGCAACAAGGG,1.0,1.0
blaKPC,54,-,GATAACGCCGCCGCCTAACA,AGG,60.0,78.0,0,0,0,0,0,100.0,3,3,3,3,1.0,1.0,1.0,100.0,100.0,100.0,0.0,91.2,Excellent,GATAACGCCGCCGCCTAAAAGGG,GATAACGCCGCCGCCTAACAGGG,0.428571429,0.31499999999999995
blaKPC,168,+,TTCAGAGCCTTACTGCCCGA,AGG,55.0,76.0,0,0,0,0,0,100.0,3,3,3,3,1.0,1.0,1.0,100.0,100.0,100.0,0.0,90.4,Excellent,TTCAGAGCCTTACTGCCCAAGGG,TTCAGAGCCTTACTGCCCGAGGG,0.7142857140000001,0.31499999999999995
blaKPC,218,+,TTCCGTCGCTAAACTCGAAC,AGG,50.0,76.0,0,0,0,0,0,100.0,3,3,3,3,1.0,1.0,1.0,100.0,100.0,100.0,0.0,90.4,Excellent,TTCCGTCGCTAAACTCGAACGGG,TTCCGTCGCTAAACTCGAACGGG,1.0,1.0
blaKPC,295,+,TTCCGTCGCTAAACTCGAAC,AGG,50.0,76.0,0,0,0,0,0,100.0,3,3,3,3,1.0,1.0,1.0,100.0,100.0,100.0,0.0,90.4,Excellent,TTCCGTCGCTAAACTCGAACGGG,TTCCGTCGCTAAACTCGAACGGG,1.0,1.0
blaKPC,183,-,GCGATAACGCCGCCGCCTTC,GGG,70.0,75.0,0,0,0,0,0,100.0,3,3,3,3,1.0,1.0,1.0,100.0,100.0,100.0,0.0,90.0,Excellent,GCGATAACGCCGCCGCCTACGGG,GCGATAACGCCGCCGCCTTCGGG,0.285714286,0.31499999999999995
blaKPC,297,-,GTCCTGTTCGAGTTTAGCGA,CGG,50.0,70.0,0,0,0,0,0,100.0,3,3,3,3,1.0,1.0,1.0,100.0,100.0,100.0,0.0,88.0,Excellent,GTCCTGTTCGAGTTTAGCAAGGG,GTCCTGTTCGAGTTTAGCGAGGG,0.7142857140000001,0.31499999999999995
blaKPC,285,-,TTTAGCGACGGAATAGTGTA,TGG,40.0,70.0,0,0,0,0,0,100.0,3,3,3,3,1.0,1.0,1.0,100.0,100.0,100.0,0.0,88.0,Excellent,TTTAGCGACGGAATAGTGAAGGG,TTTAGCGACGGAATAGTGTAGGG,0.285714286,0.31499999999999995
blaKPC,220,-,GTCCTGTTCGAGTTTAGCGA,CGG,50.0,70.0,0,0,0,0,0,100.0,3,3,3,3,1.0,1.0,1.0,100.0,100.0,100.0,0.0,88.0,Excellent,GTCCTGTTCGAGTTTAGCAAGGG,GTCCTGTTCGAGTTTAGCGAGGG,0.7142857140000001,0.31499999999999995
blaKPC,208,-,TTTAGCGACGGAATAGTGTA,TGG,40.0,70.0,0,0,0,0,0,100.0,3,3,3,3,1.0,1.0,1.0,100.0,100.0,100.0,0.0,88.0,Excellent,TTTAGCGACGGAATAGTGAAGGG,TTTAGCGACGGAATAGTGTAGGG,0.285714286,0.31499999999999995
blaKPC,14,-,AGCAAGACAGCAGAACTAGA,CGG,45.0,78.0,0,0,1,0,8,85.2,3,3,3,3,1.0,1.0,1.0,100.0,100.0,100.0,0.0,86.8,Excellent,AGCAAGACAGCAGAACTAAAGGG,AGCAAGACAGCAGAACTAGAGGG,0.7142857140000001,0.31499999999999995
blaKPC,251,+,CTCCATCGGTGTGTACGCGG,CGG,65.0,82.0,0,1,0,0,20,67.0,3,3,3,3,1.0,1.0,1.0,100.0,100.0,100.0,0.0,82.9,Good,CTCCATCGGTGTGTACGCAGGGG,CTCCATCGGTGTGTACGCGGGGG,0.7142857140000001,0.31499999999999995
blaKPC,225,+,GCTAAACTCGAACAGGACTT,TGG,45.0,80.0,1,0,0,0,50,36.8,3,3,3,3,1.0,1.0,1.0,100.0,100.0,100.0,0.0,73.0,Good,GCTAAACTCGAACAGGACATGGG,GCTAAACTCGAACAGGACTTGGG,0.285714286,0.31499999999999995
blaKPC,302,+,GCTAAACTCGAACAGGACTT,TGG,45.0,80.0,1,0,0,0,50,36.8,3,3,3,3,1.0,1.0,1.0,100.0,100.0,100.0,0.0,73.0,Good,GCTAAACTCGAACAGGACATGGG,GCTAAACTCGAACAGGACTTGGG,0.285714286,0.31499999999999995
blaKPC,41,+,CTGTGCTTGTCATCCTTGTT,AGG,45.0,78.0,1,0,0,0,50,36.8,3,3,3,3,1.0,1.0,1.0,100.0,100.0,100.0,0.0,72.2,Good,CTGTGCTTGTCATCCTTGATGGG,CTGTGCTTGTCATCCTTGTTGGG,0.285714286,0.31499999999999995
blaKPC,228,+,AAACTCGAACAGGACTTTGG,CGG,45.0,74.0,1,0,0,0,50,36.8,3,3,3,3,1.0,1.0,1.0,100.0,100.0,100.0,0.0,70.6,Good,AAACTCGAACAGGACTTTAGGGG,AAACTCGAACAGGACTTTGGGGG,0.7142857140000001,0.31499999999999995
blaKPC,305,+,AAACTCGAACAGGACTTTGG,CGG,45.0,74.0,1,0,0,0,50,36.8,3,3,3,3,1.0,1.0,1.0,100.0,100.0,100.0,0.0,70.6,Good,AAACTCGAACAGGACTTTAGGGG,AAACTCGAACAGGACTTTGGGGG,0.7142857140000001,0.31499999999999995
blaKPC,237,+,CAGGACTTTGGCGGCTCCAT,CGG,60.0,70.0,1,0,0,0,50,36.8,3,3,3,3,1.0,1.0,1.0,100.0,100.0,100.0,0.0,69.0,Moderate,CAGGACTTTGGCGGCTCCATGGG,CAGGACTTTGGCGGCTCCATGGG,1.0,1.0
blaKPC,314,+,CAGGACTTTGGCGGCTCCAT,CGG,60.0,70.0,1,0,0,0,50,36.8,3,3,3,3,1.0,1.0,1.0,100.0,100.0,100.0,0.0,69.0,Moderate,CAGGACTTTGGCGGCTCCATGGG,CAGGACTTTGGCGGCTCCATGGG,1.0,1.0
blaNDM1,221,+,AATGGTTCGGTATGCGGGCG,TGG,60.0,84.0,0,0,0,0,0,100.0,3,3,3,3,1.0,1.0,1.0,100.0,100.0,100.0,0.0,93.6,Excellent,AATGGTTCGGTATGCGGGAGGGG,AATGGTTCGGTATGCGGGCGGGG,0.428571429,0.31499999999999995
blaNDM1,308,+,AATGGTTCGGTATGCGGGCG,TGG,60.0,84.0,0,0,0,0,0,100.0,3,3,3,3,1.0,1.0,1.0,100.0,100.0,100.0,0.0,93.6,Excellent,AATGGTTCGGTATGCGGGAGGGG,AATGGTTCGGTATGCGGGCGGGG,0.428571429,0.31499999999999995
blaNDM1,51,+,GCCGCTGCATTGATGCTGAG,CGG,60.0,82.0,0,0,0,0,0,100.0,3,3,3,3,1.0,1.0,1.0,100.0,100.0,100.0,0.0,92.8,Excellent,GCCGCTGCATTGATGCTGAGGGG,GCCGCTGCATTGATGCTGAGGGG,1.0,1.0
blaNDM1,77,+,CCCGCTGCATTGATGCTGAG,CGG,60.0,82.0,0,0,0,0,0,100.0,3,3,3,3,1.0,1.0,1.0,100.0,100.0,100.0,0.0,92.8,Excellent,CCCGCTGCATTGATGCTGAGGGG,CCCGCTGCATTGATGCTGAGGGG,1.0,1.0
blaNDM1,215,+,ACGCCCAATGGTTCGGTATG,CGG,55.0,82.0,0,0,0,0,0,100.0,3,3,3,3,1.0,1.0,1.0,100.0,100.0,100.0,0.0,92.8,Excellent,ACGCCCAATGGTTCGGTAAGGGG,ACGCCCAATGGTTCGGTATGGGG,0.285714286,0.31499999999999995
blaNDM1,302,+,ACGCCCAATGGTTCGGTATG,CGG,55.0,82.0,0,0,0,0,0,100.0,3,3,3,3,1.0,1.0,1.0,100.0,100.0,100.0,0.0,92.8,Excellent,ACGCCCAATGGTTCGGTAAGGGG,ACGCCCAATGGTTCGGTATGGGG,0.285714286,0.31499999999999995
blaNDM1,290,-,CCATTGGGCGTTGGTCACGG,CGG,65.0,82.0,0,0,0,0,0,100.0,3,3,3,3,1.0,1.0,1.0,100.0,100.0,100.0,0.0,92.8,Excellent,CCATTGGGCGTTGGTCACAGGGG,CCATTGGGCGTTGGTCACGGGGG,0.7142857140000001,0.31499999999999995
blaNDM1,203,-,CCATTGGGCGTTGGTCACGG,CGG,65.0,82.0,0,0,0,0,0,100.0,3,3,3,3,1.0,1.0,1.0,100.0,100.0,100.0,0.0,92.8,Excellent,CCATTGGGCGTTGGTCACAGGGG,CCATTGGGCGTTGGTCACGGGGG,0.7142857140000001,0.31499999999999995
blaNDM1,104,-,GATCGCCAGCATCAATGCAG,CGG,55.0,82.0,0,0,0,0,0,100.0,3,3,3,3,1.0,1.0,1.0,100.0,100.0,100.0,0.0,92.8,Excellent,GATCGCCAGCATCAATGCAGGGG,GATCGCCAGCATCAATGCAGGGG,1.0,1.0
blaNDM1,78,-,CCCGCTCAGCATCAATGCAG,CGG,60.0,82.0,0,0,0,0,0,100.0,3,3,3,3,1.0,1.0,1.0,100.0,100.0,100.0,0.0,92.8,Excellent,CCCGCTCAGCATCAATGCAGGGG,CCCGCTCAGCATCAATGCAGGGG,1.0,1.0
blaNDM1,52,-,CCCGCTCAGCATCAATGCAG,CGG,60.0,82.0,0,0,0,0,0,100.0,3,3,3,3,1.0,1.0,1.0,100.0,100.0,100.0,0.0,92.8,Excellent,CCCGCTCAGCATCAATGCAGGGG,CCCGCTCAGCATCAATGCAGGGG,1.0,1.0
blaNDM1,43,-,CATCAATGCAGCGGCTAATG,CGG,50.0,82.0,0,0,0,0,0,100.0,3,3,3,3,1.0,1.0,1.0,100.0,100.0,100.0,0.0,92.8,Excellent,CATCAATGCAGCGGCTAAAGGGG,CATCAATGCAGCGGCTAATGGGG,0.285714286,0.31499999999999995
blaNDM1,99,+,GGTGCCCGCTGCATTGATGC,TGG,65.0,80.0,0,0,0,0,0,100.0,3,3,3,3,1.0,1.0,1.0,100.0,100.0,100.0,0.0,92.0,Excellent,GGTGCCCGCTGCATTGATACGGG,GGTGCCCGCTGCATTGATGCGGG,0.7142857140000001,0.31499999999999995
blaNDM1,107,+,CTGCATTGATGCTGGCGATC,TGG,55.0,80.0,0,0,0,0,0,100.0,3,3,3,3,1.0,1.0,1.0,100.0,100.0,100.0,0.0,92.0,Excellent,CTGCATTGATGCTGGCGAACGGG,CTGCATTGATGCTGGCGATCGGG,0.285714286,0.31499999999999995
blaNDM1,203,+,CCGCCGTGACCAACGCCCAA,TGG,70.0,80.0,0,0,0,0,0,100.0,3,3,3,3,1.0,1.0,1.0,100.0,100.0,100.0,0.0,92.0,Excellent,CCGCCGTGACCAACGCCCAAGGG,CCGCCGTGACCAACGCCCAAGGG,1.0,1.0
blaNDM1,229,+,GGTATGCGGGCGTGGCGATC,TGG,70.0,80.0,0,0,0,0,0,100.0,3,3,3,3,1.0,1.0,1.0,100.0,100.0,100.0,0.0,92.0,Excellent,GGTATGCGGGCGTGGCGAACGGG,GGTATGCGGGCGTGGCGATCGGG,0.285714286,0.31499999999999995
blaNDM1,290,+,CCGCCGTGACCAACGCCCAA,TGG,70.0,80.0,0,0,0,0,0,100.0,3,3,3,3,1.0,1.0,1.0,100.0,100.0,100.0,0.0,92.0,Excellent,CCGCCGTGACCAACGCCCAAGGG,CCGCCGTGACCAACGCCCAAGGG,1.0,1.0
blaNDM1,306,-,ACGCCCGCATACCGAACCAT,TGG,60.0,80.0,0,0,0,0,0,100.0,3,3,3,3,1.0,1.0,1.0,100.0,100.0,100.0,0.0,92.0,Excellent,ACGCCCGCATACCGAACCATGGG,ACGCCCGCATACCGAACCATGGG,1.0,1.0
blaNDM1,299,-,CATACCGAACCATTGGGCGT,TGG,55.0,80.0,0,0,0,0,0,100.0,3,3,3,3,1.0,1.0,1.0,100.0,100.0,100.0,0.0,92.0,Excellent,CATACCGAACCATTGGGCATGGG,CATACCGAACCATTGGGCGTGGG,0.7142857140000001,0.31499999999999995
blaNDM1,219,-,ACGCCCGCATACCGAACCAT,TGG,60.0,80.0,0,0,0,0,0,100.0,3,3,3,3,1.0,1.0,1.0,100.0,100.0,100.0,0.0,92.0,Excellent,ACGCCCGCATACCGAACCATGGG,ACGCCCGCATACCGAACCATGGG,1.0,1.0
blaNDM1,212,-,CATACCGAACCATTGGGCGT,TGG,55.0,80.0,0,0,0,0,0,100.0,3,3,3,3,1.0,1.0,1.0,100.0,100.0,100.0,0.0,92.0,Excellent,CATACCGAACCATTGGGCATGGG,CATACCGAACCATTGGGCGTGGG,0.7142857140000001,0.31499999999999995
blaNDM1,10,-,CGCGACCGGGTGCATAATAT,TGG,55.0,80.0,0,0,0,0,0,100.0,3,3,3,3,1.0,1.0,1.0,100.0,100.0,100.0,0.0,92.0,Excellent,CGCGACCGGGTGCATAATATGGG,CGCGACCGGGTGCATAATATGGG,1.0,1.0
blaNDM1,5,+,ATTGCCCAATATTATGCACC,CGG,40.0,78.0,0,0,0,0,0,100.0,3,3,3,3,1.0,1.0,1.0,100.0,100.0,100.0,0.0,91.2,Excellent,ATTGCCCAATATTATGCAACGGG,ATTGCCCAATATTATGCACCGGG,0.428571429,0.31499999999999995
blaNDM1,180,+,CACTTCCTATCTCGACATGC,CGG,50.0,78.0,0,0,0,0,0,100.0,3,3,3,3,1.0,1.0,1.0,100.0,100.0,100.0,0.0,91.2,Excellent,CACTTCCTATCTCGACATACGGG,CACTTCCTATCTCGACATGCGGG,0.7142857140000001,0.31499999999999995
blaNDM1,208,+,GTGACCAACGCCCAATGGTT,CGG,55.0,78.0,0,0,0,0,0,100.0,3,3,3,3,1.0,1.0,1.0,100.0,100.0,100.0,0.0,91.2,Excellent,GTGACCAACGCCCAATGGATGGG,GTGACCAACGCCCAATGGTTGGG,0.285714286,0.31499999999999995
blaNDM1,267,+,CACTTCCTATCTCGACATGC,CGG,50.0,78.0,0,0,0,0,0,100.0,3,3,3,3,1.0,1.0,1.0,100.0,100.0,100.0,0.0,91.2,Excellent,CACTTCCTATCTCGACATACGGG,CACTTCCTATCTCGACATGCGGG,0.7142857140000001,0.31499999999999995
blaNDM1,295,+,GTGACCAACGCCCAATGGTT,CGG,55.0,78.0,0,0,0,0,0,100.0,3,3,3,3,1.0,1.0,1.0,100.0,100.0,100.0,0.0,91.2,Excellent,GTGACCAACGCCCAATGGATGGG,GTGACCAACGCCCAATGGTTGGG,0.285714286,0.31499999999999995
blaNDM1,293,-,GAACCATTGGGCGTTGGTCA,CGG,55.0,78.0,0,0,0,0,0,100.0,3,3,3,3,1.0,1.0,1.0,100.0,100.0,100.0,0.0,91.2,Excellent,GAACCATTGGGCGTTGGTAAGGG,GAACCATTGGGCGTTGGTCAGGG,0.428571429,0.31499999999999995
blaNDM1,272,-,GGCGGCCGGCATGTCGAGAT,AGG,70.0,78.0,0,0,0,0,0,100.0,3,3,3,3,1.0,1.0,1.0,100.0,100.0,100.0,0.0,91.2,Excellent,GGCGGCCGGCATGTCGAGATGGG,GGCGGCCGGCATGTCGAGATGGG,1.0,1.0
blaNDM1,206,-,GAACCATTGGGCGTTGGTCA,CGG,55.0,78.0,0,0,0,0,0,100.0,3,3,3,3,1.0,1.0,1.0,100.0,100.0,100.0,0.0,91.2,Excellent,GAACCATTGGGCGTTGGTAAGGG,GAACCATTGGGCGTTGGTCAGGG,0.428571429,0.31499999999999995
blaNDM1,185,-,GGCGGCCGGCATGTCGAGAT,AGG,70.0,78.0,0,0,0,0,0,100.0,3,3,3,3,1.0,1.0,1.0,100.0,100.0,100.0,0.0,91.2,Excellent,GGCGGCCGGCATGTCGAGATGGG,GGCGGCCGGCATGTCGAGATGGG,1.0,1.0
blaNDM1,24,-,GCGGTGCTCAGCTTCGCGAC,CGG,70.0,78.0,0,0,0,0,0,100.0,3,3,3,3,1.0,1.0,1.0,100.0,100.0,100.0,0.0,91.2,Excellent,GCGGTGCTCAGCTTCGCGACGGG,GCGGTGCTCAGCTTCGCGACGGG,1.0,1.0
blaNDM1,52,+,CCGCTGCATTGATGCTGAGC,GGG,60.0,75.0,0,0,0,0,0,100.0,3,3,3,3,1.0,1.0,1.0,100.0,100.0,100.0,0.0,90.0,Excellent,CCGCTGCATTGATGCTGAACGGG,CCGCTGCATTGATGCTGAGCGGG,0.7142857140000001,0.31499999999999995
blaNDM1,78,+,CCGCTGCATTGATGCTGAGC,GGG,60.0,75.0,0,0,0,0,0,100.0,3,3,3,3,1.0,1.0,1.0,100.0,100.0,100.0,0.0,90.0,Excellent,CCGCTGCATTGATGCTGAACGGG,CCGCTGCATTGATGCTGAGCGGG,0.7142857140000001,0.31499999999999995
blaNDM1,216,+,CGCCCAATGGTTCGGTATGC,GGG,60.0,75.0,0,0,0,0,0,100.0,3,3,3,3,1.0,1.0,1.0,100.0,100.0,100.0,0.0,90.0,Excellent,CGCCCAATGGTTCGGTATACGGG,CGCCCAATGGTTCGGTATGCGGG,0.7142857140000001,0.31499999999999995
blaNDM1,303,+,CGCCCAATGGTTCGGTATGC,GGG,60.0,75.0,0,0,0,0,0,100.0,3,3,3,3,1.0,1.0,1.0,100.0,100.0,100.0,0.0,90.0,Excellent,CGCCCAATGGTTCGGTATACGGG,CGCCCAATGGTTCGGTATGCGGG,0.7142857140000001,0.31499999999999995
blaNDM1,305,-,CGCCCGCATACCGAACCATT,GGG,60.0,75.0,0,0,0,0,0,100.0,3,3,3,3,1.0,1.0,1.0,100.0,100.0,100.0,0.0,90.0,Excellent,CGCCCGCATACCGAACCAATGGG,CGCCCGCATACCGAACCATTGGG,0.285714286,0.31499999999999995
blaNDM1,218,-,CGCCCGCATACCGAACCATT,GGG,60.0,75.0,0,0,0,0,0,100.0,3,3,3,3,1.0,1.0,1.0,100.0,100.0,100.0,0.0,90.0,Excellent,CGCCCGCATACCGAACCAATGGG,CGCCCGCATACCGAACCATTGGG,0.285714286,0.31499999999999995
blaNDM1,103,-,ATCGCCAGCATCAATGCAGC,GGG,55.0,75.0,0,0,0,0,0,100.0,3,3,3,3,1.0,1.0,1.0,100.0,100.0,100.0,0.0,90.0,Excellent,ATCGCCAGCATCAATGCAACGGG,ATCGCCAGCATCAATGCAGCGGG,0.7142857140000001,0.31499999999999995
blaNDM1,77,-,CCGCTCAGCATCAATGCAGC,GGG,60.0,75.0,0,0,0,0,0,100.0,3,3,3,3,1.0,1.0,1.0,100.0,100.0,100.0,0.0,90.0,Excellent,CCGCTCAGCATCAATGCAACGGG,CCGCTCAGCATCAATGCAGCGGG,0.7142857140000001,0.31499999999999995
blaNDM1,23,-,CGGTGCTCAGCTTCGCGACC,GGG,70.0,75.0,0,0,0,0,0,100.0,3,3,3,3,1.0,1.0,1.0,100.0,100.0,100.0,0.0,90.0,Excellent,CGGTGCTCAGCTTCGCGAACGGG,CGGTGCTCAGCTTCGCGACCGGG,0.428571429,0.31499999999999995
blaNDM1,9,-,GCGACCGGGTGCATAATATT,GGG,50.0,75.0,0,0,0,0,0,100.0,3,3,3,3,1.0,1.0,1.0,100.0,100.0,100.0,0.0,90.0,Excellent,GCGACCGGGTGCATAATAATGGG,GCGACCGGGTGCATAATATTGGG,0.285714286,0.31499999999999995
blaNDM1,239,+,CGTGGCGATCTGGTTTTCGA,TGG,55.0,60.0,0,0,0,0,0,100.0,3,3,3,3,1.0,1.0,1.0,100.0,100.0,100.0,0.0,84.0,Good,CGTGGCGATCTGGTTTTCAAGGG,CGTGGCGATCTGGTTTTCGAGGG,0.7142857140000001,0.31499999999999995
blaNDM1,119,+,TGGCGATCTGGTTTTCGATC,TGG,50.0,58.0,0,0,0,0,0,100.0,3,3,3,3,1.0,1.0,1.0,100.0,100.0,100.0,0.0,83.2,Good,TGGCGATCTGGTTTTCGAACGGG,TGGCGATCTGGTTTTCGATCGGG,0.285714286,0.31499999999999995
blaNDM1,131,+,TTTCGATCTGGTTTTCGATC,TGG,40.0,58.0,0,0,0,0,0,100.0,3,3,3,3,1.0,1.0,1.0,100.0,100.0,100.0,0.0,83.2,Good,TTTCGATCTGGTTTTCGAACGGG,TTTCGATCTGGTTTTCGATCGGG,0.285714286,0.31499999999999995
blaNDM1,143,+,TTTCGATCTGGTTTTCGATC,TGG,40.0,58.0,0,0,0,0,0,100.0,3,3,3,3,1.0,1.0,1.0,100.0,100.0,100.0,0.0,83.2,Good,TTTCGATCTGGTTTTCGAACGGG,TTTCGATCTGGTTTTCGATCGGG,0.285714286,0.31499999999999995
mcr1,104,+,CTGCTGCTGGCTGCTGCTGG,CGG,70.0,82.0,0,0,0,0,0,100.0,3,3,3,3,1.0,1.0,1.0,100.0,100.0,100.0,0.0,92.8,Excellent,CTGCTGCTGGCTGCTGCTAGGGG,CTGCTGCTGGCTGCTGCTGGGGG,0.7142857140000001,0.31499999999999995
mcr1,220,+,TCGCCGGTGCTGCTGGTCAG,TGG,70.0,82.0,0,0,0,0,0,100.0,3,3,3,3,1.0,1.0,1.0,100.0,100.0,100.0,0.0,92.8,Excellent,TCGCCGGTGCTGCTGGTCAGGGG,TCGCCGGTGCTGCTGGTCAGGGG,1.0,1.0
mcr1,27,+,CGACGCCGTTCTTCTGGTAC,TGG,60.0,80.0,0,0,0,0,0,100.0,3,3,3,3,1.0,1.0,1.0,100.0,100.0,100.0,0.0,92.0,Excellent,CGACGCCGTTCTTCTGGTACGGG,CGACGCCGTTCTTCTGGTACGGG,1.0,1.0
mcr1,31,+,GCCGTTCTTCTGGTACTGGA,TGG,55.0,80.0,0,0,0,0,0,100.0,3,3,3,3,1.0,1.0,1.0,100.0,100.0,100.0,0.0,92.0,Excellent,GCCGTTCTTCTGGTACTGAAGGG,GCCGTTCTTCTGGTACTGGAGGG,0.7142857140000001,0.31499999999999995
mcr1,52,+,GGTGCCGTTGCTGCTGCTGC,TGG,70.0,80.0,0,0,0,0,0,100.0,3,3,3,3,1.0,1.0,1.0,100.0,100.0,100.0,0.0,92.0,Excellent,GGTGCCGTTGCTGCTGCTACGGG,GGTGCCGTTGCTGCTGCTGCGGG,0.7142857140000001,0.31499999999999995
mcr1,91,+,GGTGCTGCTGCTGCTGCTGC,TGG,70.0,80.0,0,0,0,0,0,100.0,3,3,3,3,1.0,1.0,1.0,100.0,100.0,100.0,0.0,92.0,Excellent,GGTGCTGCTGCTGCTGCTACGGG,GGTGCTGCTGCTGCTGCTGCGGG,0.7142857140000001,0.31499999999999995
mcr1,101,+,CTGCTGCTGCTGGCTGCTGC,TGG,70.0,80.0,0,0,0,0,0,100.0,3,3,3,3,1.0,1.0,1.0,100.0,100.0,100.0,0.0,92.0,Excellent,CTGCTGCTGCTGGCTGCTACGGG,CTGCTGCTGCTGGCTGCTGCGGG,0.7142857140000001,0.31499999999999995
mcr1,131,+,GCTGCTGCTGGCTATGCTGC,TGG,65.0,80.0,0,0,0,0,0,100.0,3,3,3,3,1.0,1.0,1.0,100.0,100.0,100.0,0.0,92.0,Excellent,GCTGCTGCTGGCTATGCTACGGG,GCTGCTGCTGGCTATGCTGCGGG,0.7142857140000001,0.31499999999999995
mcr1,150,+,CTGGTTATCGCCGGTGCTGC,TGG,65.0,80.0,0,0,0,0,0,100.0,3,3,3,3,1.0,1.0,1.0,100.0,100.0,100.0,0.0,92.0,Excellent,CTGGTTATCGCCGGTGCTACGGG,CTGGTTATCGCCGGTGCTGCGGG,0.7142857140000001,0.31499999999999995
mcr1,171,+,GGTGCTATCGCCGGTGCTGC,TGG,70.0,80.0,0,0,0,0,0,100.0,3,3,3,3,1.0,1.0,1.0,100.0,100.0,100.0,0.0,92.0,Excellent,GGTGCTATCGCCGGTGCTACGGG,GGTGCTATCGCCGGTGCTGCGGG,0.7142857140000001,0.31499999999999995
mcr1,192,+,GGTGCTATCGCCGGTGCTGC,TGG,70.0,80.0,0,0,0,0,0,100.0,3,3,3,3,1.0,1.0,1.0,100.0,100.0,100.0,0.0,92.0,Excellent,GGTGCTATCGCCGGTGCTACGGG,GGTGCTATCGCCGGTGCTGCGGG,0.7142857140000001,0.31499999999999995
mcr1,213,+,GGTGCTATCGCCGGTGCTGC,TGG,70.0,80.0,0,0,0,0,0,100.0,3,3,3,3,1.0,1.0,1.0,100.0,100.0,100.0,0.0,92.0,Excellent,GGTGCTATCGCCGGTGCTACGGG,GGTGCTATCGCCGGTGCTGCGGG,0.7142857140000001,0.31499999999999995
mcr1,241,+,GGCTGTGCCGTGTTCGGTGC,TGG,70.0,80.0,0,0,0,0,0,100.0,3,3,3,3,1.0,1.0,1.0,100.0,100.0,100.0,0.0,92.0,Excellent,GGCTGTGCCGTGTTCGGTACGGG,GGCTGTGCCGTGTTCGGTGCGGG,0.7142857140000001,0.31499999999999995
mcr1,255,+,CGGTGCTGGTATCGCCGTGC,TGG,70.0,80.0,0,0,0,0,0,100.0,3,3,3,3,1.0,1.0,1.0,100.0,100.0,100.0,0.0,92.0,Excellent,CGGTGCTGGTATCGCCGTACGGG,CGGTGCTGGTATCGCCGTGCGGG,0.7142857140000001,0.31499999999999995
mcr1,258,+,TGCTGGTATCGCCGTGCTGG,CGG,65.0,80.0,0,0,0,0,0,100.0,3,3,3,3,1.0,1.0,1.0,100.0,100.0,100.0,0.0,92.0,Excellent,TGCTGGTATCGCCGTGCTAGGGG,TGCTGGTATCGCCGTGCTGGGGG,0.7142857140000001,0.31499999999999995
mcr1,21,+,TGGTACCGACGCCGTTCTTC,TGG,60.0,78.0,0,0,0,0,0,100.0,3,3,3,3,1.0,1.0,1.0,100.0,100.0,100.0,0.0,91.2,Excellent,TGGTACCGACGCCGTTCTACGGG,TGGTACCGACGCCGTTCTTCGGG,0.285714286,0.31499999999999995
mcr1,141,+,GCTATGCTGCTGGTTATCGC,CGG,55.0,78.0,0,0,0,0,0,100.0,3,3,3,3,1.0,1.0,1.0,100.0,100.0,100.0,0.0,91.2,Excellent,GCTATGCTGCTGGTTATCACGGG,GCTATGCTGCTGGTTATCGCGGG,0.7142857140000001,0.31499999999999995
mcr1,162,+,GGTGCTGCTGGTGCTATCGC,CGG,65.0,78.0,0,0,0,0,0,100.0,3,3,3,3,1.0,1.0,1.0,100.0,100.0,100.0,0.0,91.2,Excellent,GGTGCTGCTGGTGCTATCACGGG,GGTGCTGCTGGTGCTATCGCGGG,0.7142857140000001,0.31499999999999995
mcr1,183,+,GGTGCTGCTGGTGCTATCGC,CGG,65.0,78.0,0,0,0,0,0,100.0,3,3,3,3,1.0,1.0,1.0,100.0,100.0,100.0,0.0,91.2,Excellent,GGTGCTGCTGGTGCTATCACGGG,GGTGCTGCTGGTGCTATCGCGGG,0.7142857140000001,0.31499999999999995
mcr1,204,+,GGTGCTGCTGGTGCTATCGC,CGG,65.0,78.0,0,0,0,0,0,100.0,3,3,3,3,1.0,1.0,1.0,100.0,100.0,100.0,0.0,91.2,Excellent,GGTGCTGCTGGTGCTATCACGGG,GGTGCTGCTGGTGCTATCGCGGG,0.7142857140000001,0.31499999999999995
mcr1,235,+,GTCAGTGGCTGTGCCGTGTT,CGG,60.0,78.0,0,0,0,0,0,100.0,3,3,3,3,1.0,1.0,1.0,100.0,100.0,100.0,0.0,91.2,Excellent,GTCAGTGGCTGTGCCGTGATGGG,GTCAGTGGCTGTGCCGTGTTGGG,0.285714286,0.31499999999999995
mcr1,285,+,TCTGGTGGTGCTGGTGGTGC,TGG,65.0,78.0,0,0,0,0,0,100.0,3,3,3,3,1.0,1.0,1.0,100.0,100.0,100.0,0.0,91.2,Excellent,TCTGGTGGTGCTGGTGGTACGGG,TCTGGTGGTGCTGGTGGTGCGGG,0.7142857140000001,0.31499999999999995
mcr1,269,-,CACCAGATAAACCGCCAGCA,CGG,55.0,78.0,0,0,0,0,0,100.0,3,3,3,3,1.0,1.0,1.0,100.0,100.0,100.0,0.0,91.2,Excellent,CACCAGATAAACCGCCAGAAGGG,CACCAGATAAACCGCCAGCAGGG,0.428571429,0.31499999999999995
mcr1,248,-,GGCGATACCAGCACCGAACA,CGG,60.0,78.0,0,0,0,0,0,100.0,3,3,3,3,1.0,1.0,1.0,100.0,100.0,100.0,0.0,91.2,Excellent,GGCGATACCAGCACCGAAAAGGG,GGCGATACCAGCACCGAACAGGG,0.428571429,0.31499999999999995
mcr1,223,-,CAGCCACTGACCAGCAGCAC,CGG,65.0,78.0,0,0,0,0,0,100.0,3,3,3,3,1.0,1.0,1.0,100.0,100.0,100.0,0.0,91.2,Excellent,CAGCCACTGACCAGCAGCACGGG,CAGCCACTGACCAGCAGCACGGG,1.0,1.0
mcr1,202,-,GGCGATAGCACCAGCAGCAC,CGG,65.0,78.0,0,0,0,0,0,100.0,3,3,3,3,1.0,1.0,1.0,100.0,100.0,100.0,0.0,91.2,Excellent,GGCGATAGCACCAGCAGCACGGG,GGCGATAGCACCAGCAGCACGGG,1.0,1.0
mcr1,181,-,GGCGATAGCACCAGCAGCAC,CGG,65.0,78.0,0,0,0,0,0,100.0,3,3,3,3,1.0,1.0,1.0,100.0,100.0,100.0,0.0,91.2,Excellent,GGCGATAGCACCAGCAGCACGGG,GGCGATAGCACCAGCAGCACGGG,1.0,1.0
mcr1,160,-,GGCGATAGCACCAGCAGCAC,CGG,65.0,78.0,0,0,0,0,0,100.0,3,3,3,3,1.0,1.0,1.0,100.0,100.0,100.0,0.0,91.2,Excellent,GGCGATAGCACCAGCAGCACGGG,GGCGATAGCACCAGCAGCACGGG,1.0,1.0
mcr1,56,-,ATAACCAGCAGCAGCAGCAA,CGG,50.0,78.0,0,0,0,0,0,100.0,3,3,3,3,1.0,1.0,1.0,100.0,100.0,100.0,0.0,91.2,Excellent,ATAACCAGCAGCAGCAGCAAGGG,ATAACCAGCAGCAGCAGCAAGGG,1.0,1.0
mcr1,32,-,ACCATCCAGTACCAGAAGAA,CGG,45.0,78.0,0,0,0,0,0,100.0,3,3,3,3,1.0,1.0,1.0,100.0,100.0,100.0,0.0,91.2,Excellent,ACCATCCAGTACCAGAAGAAGGG,ACCATCCAGTACCAGAAGAAGGG,1.0,1.0
mcr1,26,-,CAGTACCAGAAGAACGGCGT,CGG,55.0,78.0,0,0,0,0,0,100.0,3,3,3,3,1.0,1.0,1.0,100.0,100.0,100.0,0.0,91.2,Excellent,CAGTACCAGAAGAACGGCATGGG,CAGTACCAGAAGAACGGCGTGGG,0.7142857140000001,0.31499999999999995
mcr1,270,+,CGTGCTGGCGGTTTATCTGG,TGG,60.0,76.0,0,0,0,0,0,100.0,3,3,3,3,1.0,1.0,1.0,100.0,100.0,100.0,0.0,90.4,Excellent,CGTGCTGGCGGTTTATCTAGGGG,CGTGCTGGCGGTTTATCTGGGGG,0.7142857140000001,0.31499999999999995
mcr1,279,+,GGTTTATCTGGTGGTGCTGG,TGG,55.0,76.0,0,0,0,0,0,100.0,3,3,3,3,1.0,1.0,1.0,100.0,100.0,100.0,0.0,90.4,Excellent,GGTTTATCTGGTGGTGCTAGGGG,GGTTTATCTGGTGGTGCTGGGGG,0.7142857140000001,0.31499999999999995
mcr1,306,+,GGTTTCGGTGCCGTGATCGG,TGG,65.0,76.0,0,0,0,0,0,100.0,3,3,3,3,1.0,1.0,1.0,100.0,100.0,100.0,0.0,90.4,Excellent,GGTTTCGGTGCCGTGATCAGGGG,GGTTTCGGTGCCGTGATCGGGGG,0.7142857140000001,0.31499999999999995
mcr1,70,+,GCTGGTTATGCGTTTGCTGC,TGG,55.0,72.0,0,0,0,0,0,100.0,3,3,3,3,1.0,1.0,1.0,100.0,100.0,100.0,0.0,88.8,Excellent,GCTGGTTATGCGTTTGCTACGGG,GCTGGTTATGCGTTTGCTGCGGG,0.7142857140000001,0.31499999999999995
mcr1,267,+,CGCCGTGCTGGCGGTTTATC,TGG,65.0,72.0,0,0,0,0,0,100.0,3,3,3,3,1.0,1.0,1.0,100.0,100.0,100.0,0.0,88.8,Excellent,CGCCGTGCTGGCGGTTTAACGGG,CGCCGTGCTGGCGGTTTATCGGG,0.285714286,0.31499999999999995
mcr1,276,+,GGCGGTTTATCTGGTGGTGC,TGG,60.0,72.0,0,0,0,0,0,100.0,3,3,3,3,1.0,1.0,1.0,100.0,100.0,100.0,0.0,88.8,Excellent,GGCGGTTTATCTGGTGGTACGGG,GGCGGTTTATCTGGTGGTGCGGG,0.7142857140000001,0.31499999999999995
mcr1,291,+,GGTGCTGGTGGTGCTGGTTT,CGG,60.0,70.0,0,0,0,0,0,100.0,3,3,3,3,1.0,1.0,1.0,100.0,100.0,100.0,0.0,88.0,Excellent,GGTGCTGGTGGTGCTGGTATGGG,GGTGCTGGTGGTGCTGGTTTGGG,0.285714286,0.31499999999999995
mcr1,303,+,GCTGGTTTCGGTGCCGTGAT,CGG,60.0,70.0,0,0,0,0,0,100.0,3,3,3,3,1.0,1.0,1.0,100.0,100.0,100.0,0.0,88.0,Excellent,GCTGGTTTCGGTGCCGTGATGGG,GCTGGTTTCGGTGCCGTGATGGG,1.0,1.0
mcr1,312,+,GGTGCCGTGATCGGTGGTGC,TGG,70.0,80.0,0,0,0,0,0,100.0,3,2,3,3,0.6667,1.0,1.0,83.1,90.0,70.0,14.14,86.9,Excellent,GGTGCCGTGATCGGTGGTACGGG,GGTGCCGTGATCGGTGGTGCGGG,0.7142857140000001,0.31499999999999995
mcr1,316,-,TTAACCAGCACCACCGATCA,CGG,50.0,76.0,0,0,0,0,0,100.0,3,1,3,3,0.3333,1.0,1.0,78.1,80.0,70.0,14.14,83.8,Good,TTAACCAGCACCACCGATAAGGG,TTAACCAGCACCACCGATCAGGG,0.428571429,0.31499999999999995
mcr1,1,+,TGATGCAGCATACTTCTGTG,TGG,45.0,82.0,1,0,0,0,50,36.8,3,3,3,3,1.0,1.0,1.0,100.0,100.0,100.0,0.0,73.8,Good,TGATGCAGCATACTTCTGAGGGG,TGATGCAGCATACTTCTGTGGGG,0.285714286,0.31499999999999995
mecA,56,+,ACTGAACGTCCGATAAAGGT,TGG,45.0,80.0,0,0,0,0,0,100.0,3,3,3,3,1.0,1.0,1.0,100.0,100.0,100.0,0.0,92.0,Excellent,ACTGAACGTCCGATAAAGATGGG,ACTGAACGTCCGATAAAGGTGGG,0.7142857140000001,0.31499999999999995
mecA,107,+,AACGCTGCTGCTATCGGTGC,TGG,60.0,80.0,0,0,0,0,0,100.0,3,3,3,3,1.0,1.0,1.0,100.0,100.0,100.0,0.0,92.0,Excellent,AACGCTGCTGCTATCGGTACGGG,AACGCTGCTGCTATCGGTGCGGG,0.7142857140000001,0.31499999999999995
mecA,128,+,GGTGCTGCTGCTATCGGTGC,TGG,65.0,80.0,0,0,0,0,0,100.0,3,3,3,3,1.0,1.0,1.0,100.0,100.0,100.0,0.0,92.0,Excellent,GGTGCTGCTGCTATCGGTACGGG,GGTGCTGCTGCTATCGGTGCGGG,0.7142857140000001,0.31499999999999995
mecA,149,+,GGTGCTGCTGCTATCGGTGC,TGG,65.0,80.0,0,0,0,0,0,100.0,3,3,3,3,1.0,1.0,1.0,100.0,100.0,100.0,0.0,92.0,Excellent,GGTGCTGCTGCTATCGGTACGGG,GGTGCTGCTGCTATCGGTGCGGG,0.7142857140000001,0.31499999999999995
mecA,170,+,GGTGCTGCTGCTATCGGTGC,TGG,65.0,80.0,0,0,0,0,0,100.0,3,3,3,3,1.0,1.0,1.0,100.0,100.0,100.0,0.0,92.0,Excellent,GGTGCTGCTGCTATCGGTACGGG,GGTGCTGCTGCTATCGGTGCGGG,0.7142857140000001,0.31499999999999995
mecA,191,+,GGTGCTGCTGCTATCGGTGC,TGG,65.0,80.0,0,0,0,0,0,100.0,3,3,3,3,1.0,1.0,1.0,100.0,100.0,100.0,0.0,92.0,Excellent,GGTGCTGCTGCTATCGGTACGGG,GGTGCTGCTGCTATCGGTGCGGG,0.7142857140000001,0.31499999999999995
mecA,212,+,GGTGCTGCTGCTATCGGTGC,TGG,65.0,80.0,0,0,0,0,0,100.0,3,3,3,3,1.0,1.0,1.0,100.0,100.0,100.0,0.0,92.0,Excellent,GGTGCTGCTGCTATCGGTACGGG,GGTGCTGCTGCTATCGGTGCGGG,0.7142857140000001,0.31499999999999995
mecA,233,+,GGTGCTGCTGCTATCGGTGC,TGG,65.0,80.0,0,0,0,0,0,100.0,3,3,3,3,1.0,1.0,1.0,100.0,100.0,100.0,0.0,92.0,Excellent,GGTGCTGCTGCTATCGGTACGGG,GGTGCTGCTGCTATCGGTGCGGG,0.7142857140000001,0.31499999999999995
mecA,254,+,GGTGCTGCTGCTATCGGTGC,TGG,65.0,80.0,0,0,0,0,0,100.0,3,3,3,3,1.0,1.0,1.0,100.0,100.0,100.0,0.0,92.0,Excellent,GGTGCTGCTGCTATCGGTACGGG,GGTGCTGCTGCTATCGGTGCGGG,0.7142857140000001,0.31499999999999995
mecA,278,+,GCTGCTGCTGTTGCTGATGC,TGG,60.0,80.0,0,0,0,0,0,100.0,3,3,3,3,1.0,1.0,1.0,100.0,100.0,100.0,0.0,92.0,Excellent,GCTGCTGCTGTTGCTGATACGGG,GCTGCTGCTGTTGCTGATGCGGG,0.7142857140000001,0.31499999999999995
mecA,293,+,GATGCTGGTGCTATCGGTGC,TGG,60.0,80.0,0,0,0,0,0,100.0,3,3,3,3,1.0,1.0,1.0,100.0,100.0,100.0,0.0,92.0,Excellent,GATGCTGGTGCTATCGGTACGGG,GATGCTGGTGCTATCGGTGCGGG,0.7142857140000001,0.31499999999999995
mecA,82,+,TGCTGCTATCGTTGCTGCTA,TGG,50.0,78.0,0,0,0,0,0,100.0,3,3,3,3,1.0,1.0,1.0,100.0,100.0,100.0,0.0,91.2,Excellent,TGCTGCTATCGTTGCTGCAAGGG,TGCTGCTATCGTTGCTGCTAGGG,0.285714286,0.31499999999999995
mecA,101,+,ATGGTTAACGCTGCTGCTAT,CGG,45.0,78.0,0,0,0,0,0,100.0,3,3,3,3,1.0,1.0,1.0,100.0,100.0,100.0,0.0,91.2,Excellent,ATGGTTAACGCTGCTGCTATGGG,ATGGTTAACGCTGCTGCTATGGG,1.0,1.0
mecA,122,+,GGTGCTGGTGCTGCTGCTAT,CGG,60.0,78.0,0,0,0,0,0,100.0,3,3,3,3,1.0,1.0,1.0,100.0,100.0,100.0,0.0,91.2,Excellent,GGTGCTGGTGCTGCTGCTATGGG,GGTGCTGGTGCTGCTGCTATGGG,1.0,1.0
mecA,143,+,GGTGCTGGTGCTGCTGCTAT,CGG,60.0,78.0,0,0,0,0,0,100.0,3,3,3,3,1.0,1.0,1.0,100.0,100.0,100.0,0.0,91.2,Excellent,GGTGCTGGTGCTGCTGCTATGGG,GGTGCTGGTGCTGCTGCTATGGG,1.0,1.0
mecA,164,+,GGTGCTGGTGCTGCTGCTAT,CGG,60.0,78.0,0,0,0,0,0,100.0,3,3,3,3,1.0,1.0,1.0,100.0,100.0,100.0,0.0,91.2,Excellent,GGTGCTGGTGCTGCTGCTATGGG,GGTGCTGGTGCTGCTGCTATGGG,1.0,1.0
mecA,185,+,GGTGCTGGTGCTGCTGCTAT,CGG,60.0,78.0,0,0,0,0,0,100.0,3,3,3,3,1.0,1.0,1.0,100.0,100.0,100.0,0.0,91.2,Excellent,GGTGCTGGTGCTGCTGCTATGGG,GGTGCTGGTGCTGCTGCTATGGG,1.0,1.0
mecA,206,+,GGTGCTGGTGCTGCTGCTAT,CGG,60.0,78.0,0,0,0,0,0,100.0,3,3,3,3,1.0,1.0,1.0,100.0,100.0,100.0,0.0,91.2,Excellent,GGTGCTGGTGCTGCTGCTATGGG,GGTGCTGGTGCTGCTGCTATGGG,1.0,1.0
mecA,227,+,GGTGCTGGTGCTGCTGCTAT,CGG,60.0,78.0,0,0,0,0,0,100.0,3,3,3,3,1.0,1.0,1.0,100.0,100.0,100.0,0.0,91.2,Excellent,GGTGCTGGTGCTGCTGCTATGGG,GGTGCTGGTGCTGCTGCTATGGG,1.0,1.0
mecA,248,+,GGTGCTGGTGCTGCTGCTAT,CGG,60.0,78.0,0,0,0,0,0,100.0,3,3,3,3,1.0,1.0,1.0,100.0,100.0,100.0,0.0,91.2,Excellent,GGTGCTGGTGCTGCTGCTATGGG,GGTGCTGGTGCTGCTGCTATGGG,1.0,1.0
mecA,287,+,GTTGCTGATGCTGGTGCTAT,CGG,50.0,78.0,0,0,0,0,0,100.0,3,3,3,3,1.0,1.0,1.0,100.0,100.0,100.0,0.0,91.2,Excellent,GTTGCTGATGCTGGTGCTATGGG,GTTGCTGATGCTGGTGCTATGGG,1.0,1.0
mecA,52,+,TATGACTGAACGTCCGATAA,AGG,40.0,76.0,0,0,0,0,0,100.0,3,3,3,3,1.0,1.0,1.0,100.0,100.0,100.0,0.0,90.4,Excellent,TATGACTGAACGTCCGATAAGGG,TATGACTGAACGTCCGATAAGGG,1.0,1.0
mecA,65,-,GCAGCAATGCCAACCTTTAT,CGG,45.0,70.0,0,0,0,0,0,100.0,3,3,3,3,1.0,1.0,1.0,100.0,100.0,100.0,0.0,88.0,Excellent,GCAGCAATGCCAACCTTTATGGG,GCAGCAATGCCAACCTTTATGGG,1.0,1.0
