sgRNA,Target,Mutation,CRISOT-Score,"(0.65, 0.7]","(0.7, 0.75]","(0.75, 0.8]","(0.8, 1.0]",CRISOT-Spec,delta_Spec,Target sequence
AATGGTTCGGTATGCGGGCGTGG,AATGGTTCGGTATGCGGGCGTGG,WT,0.8911575044174832,0,0,1,4,0.6921962487116496,0.0,AATGGTTCGGTATGCGGGCGTGG
AGAGCCTTACTGCCCGAAGGTGG,AGAGCCTTACTGCCCGAAGGTGG,WT,0.901906779882256,0,0,0,2,0.8332591038348333,0.0,AGAGCCTTACTGCCCGAAGGTGG
CTGCTGCTGGCTGCTGCTGGTGG,CTGCTGCTGGCTGCTGCTGGTGG,WT,0.4440057038750581,3,0,0,3,0.7604039417819534,0.0,CTGCTGCTGGCTGCTGCTGGTGG
TCGCCGGTGCTGCTGGTCAGTGG,TCGCCGGTGCTGCTGGTCAGTGG,WT,0.9204326315769972,0,1,0,2,0.8217053804939632,0.0,TCGCCGGTGCTGCTGGTCAGTGG
GCCGCTGCATTGATGCTGAGTGG,GCCGCTGCATTGATGCTGAGTGG,WT,0.9139679143503848,0,0,0,5,0.6665157674969053,0.0,GCCGCTGCATTGATGCTGAGTGG
CCCGCTGCATTGATGCTGAGTGG,CCCGCTGCATTGATGCTGAGTGG,WT,0.8737208557272209,0,0,0,5,0.6666306241709199,0.0,CCCGCTGCATTGATGCTGAGTGG
ACGCCCAATGGTTCGGTATGTGG,ACGCCCAATGGTTCGGTATGTGG,WT,0.9099762820659572,0,0,0,5,0.6665839658159745,0.0,ACGCCCAATGGTTCGGTATGTGG
CCATTGGGCGTTGGTCACGGTGG,CCATTGGGCGTTGGTCACGGTGG,WT,0.8773417113129962,0,0,0,5,0.6666302686539982,0.0,CCATTGGGCGTTGGTCACGGTGG
GATCGCCAGCATCAATGCAGTGG,GATCGCCAGCATCAATGCAGTGG,WT,0.9435836299022218,1,0,0,2,0.8303651929511295,0.0,GATCGCCAGCATCAATGCAGTGG
CCCGCTCAGCATCAATGCAGTGG,CCCGCTCAGCATCAATGCAGTGG,WT,0.8909364887332928,0,0,0,5,0.6663619615537135,0.0,CCCGCTCAGCATCAATGCAGTGG
CATCAATGCAGCGGCTAATGTGG,CATCAATGCAGCGGCTAATGTGG,WT,0.9036860074432485,1,0,0,2,0.8309426421067719,0.0,CATCAATGCAGCGGCTAATGTGG
AACAAGGATGACAAGCACAGTGG,AACAAGGATGACAAGCACAGTGG,WT,0.8817108538295708,0,0,0,2,0.8332075884214474,0.0,AACAAGGATGACAAGCACAGTGG
AGCAGCAGCAACAACGGCGGTGG,AGCAGCAGCAACAACGGCGGTGG,WT,0.9009955518039844,4,0,0,2,0.8238491136825273,0.0,AGCAGCAGCAACAACGGCGGTGG
AGCAGCAGCAGCAACAACGGTGG,AGCAGCAGCAGCAACAACGGTGG,WT,0.9035598076303768,0,0,0,2,0.8293830509767852,0.0,AGCAGCAGCAGCAACAACGGTGG
AGCGACGGAATAGTGTATGGTGG,AGCGACGGAATAGTGTATGGTGG,WT,0.9049320869415376,0,0,0,5,0.6666261802366537,0.0,AGCGACGGAATAGTGTATGGTGG
CGGCTCCATCGGTGTGTACGTGG,CGGCTCCATCGGTGTGTACGTGG,WT,0.9080907248451244,0,0,0,2,0.8332830585887985,0.0,CGGCTCCATCGGTGTGTACGTGG
GCCTTACTGCCCGAAGGCGGTGG,GCCTTACTGCCCGAAGGCGGTGG,WT,0.9283929291615308,0,0,0,2,0.8331304660648465,0.0,GCCTTACTGCCCGAAGGCGGTGG
GGTGCTGCTGCTATCGGTGCTGG,GGTGCTGCTGCTATCGGTGCTGG,WT,0.945233870051062,0,0,6,47,0.1673522614654164,0.0,GGTGCTGCTGCTATCGGTGCTGG
ACGCCCGCATACCGAACCATTGG,ACGCCCGCATACCGAACCATTGG,WT,0.9034824101800514,0,0,0,5,0.666643956329221,0.0,ACGCCCGCATACCGAACCATTGG
CATACCGAACCATTGGGCGTTGG,CATACCGAACCATTGGGCGTTGG,WT,0.8898053348560706,0,0,0,5,0.6666522669777,0.0,CATACCGAACCATTGGGCGTTGG
CGCGACCGGGTGCATAATATTGG,CGCGACCGGGTGCATAATATTGG,WT,0.9055272087310164,0,0,0,2,0.8331798199515074,0.0,CGCGACCGGGTGCATAATATTGG
ACTGAACGTCCGATAAAGGTTGG,ACTGAACGTCCGATAAAGGTTGG,WT,0.9030562156136192,0,0,0,5,0.666638934486992,0.0,ACTGAACGTCCGATAAAGGTTGG
TGCTGGTATCGCCGTGCTGGTGG,TGCTGGTATCGCCGTGCTGGTGG,WT,0.9007869882471128,0,0,1,2,0.7988669510260208,0.0,TGCTGGTATCGCCGTGCTGGTGG
CGGTGCTGGTATCGCCGTGCTGG,CGGTGCTGGTATCGCCGTGCTGG,WT,0.9015817845907216,0,0,0,2,0.831568606156302,0.0,CGGTGCTGGTATCGCCGTGCTGG
GGCTGTGCCGTGTTCGGTGCTGG,GGCTGTGCCGTGTTCGGTGCTGG,WT,0.9210912792890557,0,0,0,2,0.8298834387216144,0.0,GGCTGTGCCGTGTTCGGTGCTGG
GGTGCTATCGCCGGTGCTGCTGG,GGTGCTATCGCCGGTGCTGCTGG,WT,0.9324814256801348,1,3,0,8,0.5401192767003509,0.0,GGTGCTATCGCCGGTGCTGCTGG
CTGGTTATCGCCGGTGCTGCTGG,CTGGTTATCGCCGGTGCTGCTGG,WT,0.8835255778160629,0,9,0,2,0.7472043349806698,0.0,CTGGTTATCGCCGGTGCTGCTGG
GCTGCTGCTGGCTATGCTGCTGG,GCTGCTGCTGGCTATGCTGCTGG,WT,0.9379834638652896,1,0,0,2,0.8261587640863168,0.0,GCTGCTGCTGGCTATGCTGCTGG
GGTGCTGCTGCTGCTGCTGCTGG,GGTGCTGCTGCTGCTGCTGCTGG,WT,0.9410584103392454,14,0,1,5,0.5983508015866349,0.0,GGTGCTGCTGCTGCTGCTGCTGG
GGTGCCGTTGCTGCTGCTGCTGG,GGTGCCGTTGCTGCTGCTGCTGG,WT,0.9458751526814382,9,0,0,5,0.6514894384115436,0.0,GGTGCCGTTGCTGCTGCTGCTGG
GCCGTTCTTCTGGTACTGGATGG,GCCGTTCTTCTGGTACTGGATGG,WT,0.9090983119861226,1,0,0,2,0.8307807594499235,0.0,GCCGTTCTTCTGGTACTGGATGG
CGACGCCGTTCTTCTGGTACTGG,CGACGCCGTTCTTCTGGTACTGG,WT,0.881726938560315,0,0,0,2,0.8331817636841564,0.0,CGACGCCGTTCTTCTGGTACTGG
CCGCCGTGACCAACGCCCAATGG,CCGCCGTGACCAACGCCCAATGG,WT,0.8727830720364259,0,0,0,5,0.6659278862696392,0.0,CCGCCGTGACCAACGCCCAATGG
AACGCTGCTGCTATCGGTGCTGG,AACGCTGCTGCTATCGGTGCTGG,WT,0.8887775001225058,0,6,42,5,0.2699912088162497,0.0,AACGCTGCTGCTATCGGTGCTGG
CTGCTGCTGCTGGCTGCTGCTGG,CTGCTGCTGCTGGCTGCTGCTGG,WT,0.890417119132412,2,0,0,2,0.8279946995091316,0.0,CTGCTGCTGCTGGCTGCTGCTGG
GGTATGCGGGCGTGGCGATCTGG,GGTATGCGGGCGTGGCGATCTGG,WT,0.9333138935701448,0,0,0,2,0.8318395574480459,0.0,GGTATGCGGGCGTGGCGATCTGG
CTGCATTGATGCTGGCGATCTGG,CTGCATTGATGCTGGCGATCTGG,WT,0.8789706720930197,0,0,0,2,0.8331282449303731,0.0,CTGCATTGATGCTGGCGATCTGG
CTGCTGCTGGCTGTTGCTGCTGG,CTGCTGCTGGCTGTTGCTGCTGG,WT,0.8960018735824373,0,0,0,2,0.8248431540121567,0.0,CTGCTGCTGGCTGTTGCTGCTGG
GCCGTTGTTGCTGCTGCTGCTGG,GCCGTTGTTGCTGCTGCTGCTGG,WT,0.9182911658269852,3,7,0,2,0.7559201207113723,0.0,GCCGTTGTTGCTGCTGCTGCTGG
TTGTCATCCTTGTTAGGCGGTGG,TTGTCATCCTTGTTAGGCGGTGG,WT,0.8779676723565464,0,0,0,2,0.8332984042418888,0.0,TTGTCATCCTTGTTAGGCGGTGG
TGCTTGTCATCCTTGTTAGGTGG,TGCTTGTCATCCTTGTTAGGTGG,WT,0.8761148601866237,0,0,0,2,0.8332795867999847,0.0,TGCTTGTCATCCTTGTTAGGTGG
GATGCTGGTGCTATCGGTGCTGG,GATGCTGGTGCTATCGGTGCTGG,WT,0.9379173712598808,0,0,48,5,0.2551988145504666,0.0,GATGCTGGTGCTATCGGTGCTGG
GGTGCCCGCTGCATTGATGCTGG,GGTGCCCGCTGCATTGATGCTGG,WT,0.9480755762621912,1,0,0,2,0.8308169273299388,0.0,GGTGCCCGCTGCATTGATGCTGG
GCTGCTGCTGTTGCTGATGCTGG,GCTGCTGCTGTTGCTGATGCTGG,WT,0.9351274013451696,5,1,2,5,0.6093064739665888,0.0,GCTGCTGCTGTTGCTGATGCTGG
GGTGCTGGTGCTGCTGCTATTGG,GGTGCTGGTGCTGCTGCTATTGG,WT,0.9422475881111024,7,1,0,41,0.1938422857680742,0.0,GGTGCTGGTGCTGCTGCTATTGG
GTTGCTGATGCTGGTGCTATTGG,GTTGCTGATGCTGGTGCTATTGG,WT,0.9320302614955804,43,0,0,5,0.6066829892702653,0.0,GTTGCTGATGCTGGTGCTATTGG
GATAACGCCGCCGCCTAACATGG,GATAACGCCGCCGCCTAACATGG,WT,0.9393494396313468,2,0,0,2,0.8275903391407279,0.0,GATAACGCCGCCGCCTAACATGG
GCCAGCAGCAGCAGCAACAATGG,GCCAGCAGCAGCAGCAACAATGG,WT,0.925793827200228,0,0,0,2,0.8306541276657249,0.0,GCCAGCAGCAGCAGCAACAATGG
GGCGATAACGCCGCCGCCTTTGG,GGCGATAACGCCGCCGCCTTTGG,WT,0.9322806401131384,0,0,0,2,0.8327294656824693,0.0,GGCGATAACGCCGCCGCCTTTGG
TGTTGCTGCTGGCTGGCTGCTGG,TGTTGCTGCTGGCTGGCTGCTGG,WT,0.9242705744888348,0,0,0,8,0.5656584031893178,0.0,TGTTGCTGCTGGCTGGCTGCTGG
TGCTGGCTGTTGCTGCTGGCTGG,TGCTGGCTGTTGCTGCTGGCTGG,WT,0.9034723858877516,2,0,0,2,0.8261524165288645,0.0,TGCTGGCTGTTGCTGCTGGCTGG
CAGCCACTGACCAGCAGCACTGG,CAGCCACTGACCAGCAGCACTGG,WT,0.897990146479745,0,0,0,2,0.8332316790684869,0.0,CAGCCACTGACCAGCAGCACTGG
TGGTACCGACGCCGTTCTTCTGG,TGGTACCGACGCCGTTCTTCTGG,WT,0.929494597308792,0,0,0,2,0.8317386823446081,0.0,TGGTACCGACGCCGTTCTTCTGG
GCTATGCTGCTGGTTATCGCTGG,GCTATGCTGCTGGTTATCGCTGG,WT,0.939508198534696,1,0,0,2,0.8241325798563867,0.0,GCTATGCTGCTGGTTATCGCTGG
GGTGCTGCTGGTGCTATCGCTGG,GGTGCTGCTGGTGCTATCGCTGG,WT,0.9633197653530636,4,0,0,8,0.5482842404193498,0.0,GGTGCTGCTGGTGCTATCGCTGG
GTCAGTGGCTGTGCCGTGTTTGG,GTCAGTGGCTGTGCCGTGTTTGG,WT,0.9406147398022232,0,0,0,2,0.8320656120345976,0.0,GTCAGTGGCTGTGCCGTGTTTGG
TCTGGTGGTGCTGGTGGTGCTGG,TCTGGTGGTGCTGGTGGTGCTGG,WT,0.9142886046125076,6,2,1,2,0.7550061057343771,0.0,TCTGGTGGTGCTGGTGGTGCTGG
CACCAGATAAACCGCCAGCATGG,CACCAGATAAACCGCCAGCATGG,WT,0.8834975696556617,0,0,0,2,0.8317554931628035,0.0,CACCAGATAAACCGCCAGCATGG
GGCGATACCAGCACCGAACATGG,GGCGATACCAGCACCGAACATGG,WT,0.9345323430094464,0,0,0,2,0.833149276772273,0.0,GGCGATACCAGCACCGAACATGG
GGCGATAGCACCAGCAGCACTGG,GGCGATAGCACCAGCAGCACTGG,WT,0.920404202670269,1,0,0,8,0.5543811606645943,0.0,GGCGATAGCACCAGCAGCACTGG
ACCATCCAGTACCAGAAGAATGG,ACCATCCAGTACCAGAAGAATGG,WT,0.8928996241477171,0,0,0,2,0.8332472311194511,0.0,ACCATCCAGTACCAGAAGAATGG
CAGTACCAGAAGAACGGCGTTGG,CAGTACCAGAAGAACGGCGTTGG,WT,0.9177018285400762,0,0,0,2,0.8331697543382317,0.0,CAGTACCAGAAGAACGGCGTTGG
ATTGCCCAATATTATGCACCTGG,ATTGCCCAATATTATGCACCTGG,WT,0.8942183588425812,0,0,0,2,0.8332793784935759,0.0,ATTGCCCAATATTATGCACCTGG
CACTTCCTATCTCGACATGCTGG,CACTTCCTATCTCGACATGCTGG,WT,0.8578999406783174,0,0,0,5,0.6666398677439833,0.0,CACTTCCTATCTCGACATGCTGG
GTGACCAACGCCCAATGGTTTGG,GTGACCAACGCCCAATGGTTTGG,WT,0.9459577471835968,0,0,0,5,0.6666141374726339,0.0,GTGACCAACGCCCAATGGTTTGG
GAACCATTGGGCGTTGGTCATGG,GAACCATTGGGCGTTGGTCATGG,WT,0.9571069309061532,1,0,0,5,0.6643329094446483,0.0,GAACCATTGGGCGTTGGTCATGG
GGCGGCCGGCATGTCGAGATTGG,GGCGGCCGGCATGTCGAGATTGG,WT,0.9540150987982804,1,0,0,5,0.6650824402938866,0.0,GGCGGCCGGCATGTCGAGATTGG
GCGGTGCTCAGCTTCGCGACTGG,GCGGTGCTCAGCTTCGCGACTGG,WT,0.9351162146685512,0,0,0,2,0.8331176947033544,0.0,GCGGTGCTCAGCTTCGCGACTGG
TGCTGCTATCGTTGCTGCTATGG,TGCTGCTATCGTTGCTGCTATGG,WT,0.8945881472164776,0,0,0,5,0.6657244003504107,0.0,TGCTGCTATCGTTGCTGCTATGG
ATGGTTAACGCTGCTGCTATTGG,ATGGTTAACGCTGCTGCTATTGG,WT,0.8858838251240304,0,0,0,5,0.6664227115260674,0.0,ATGGTTAACGCTGCTGCTATTGG
ATAACCAGCAGCAGCAGCAATGG,ATAACCAGCAGCAGCAGCAATGG,WT,0.9001819743077407,1,0,0,2,0.8263436368193272,0.0,ATAACCAGCAGCAGCAGCAATGG
TATGACTGAACGTCCGATAATGG,TATGACTGAACGTCCGATAATGG,WT,0.8865218969582278,0,0,0,5,0.6658468759929441,0.0,TATGACTGAACGTCCGATAATGG
GGTTTCGGTGCCGTGATCGGTGG,GGTTTCGGTGCCGTGATCGGTGG,WT,0.9593537084700556,0,0,0,2,0.8317617887469783,0.0,GGTTTCGGTGCCGTGATCGGTGG
TTCAGAGCCTTACTGCCCGATGG,TTCAGAGCCTTACTGCCCGATGG,WT,0.8743396771417129,0,0,0,2,0.8333053481620575,0.0,TTCAGAGCCTTACTGCCCGATGG
TTCCGTCGCTAAACTCGAACTGG,TTCCGTCGCTAAACTCGAACTGG,WT,0.8722062785357602,0,1,0,5,0.6600460527331913,0.0,TTCCGTCGCTAAACTCGAACTGG
GGTTTATCTGGTGGTGCTGGTGG,GGTTTATCTGGTGGTGCTGGTGG,WT,0.9425894803509588,2,2,0,2,0.7947774221855283,0.0,GGTTTATCTGGTGGTGCTGGTGG
CGTGCTGGCGGTTTATCTGGTGG,CGTGCTGGCGGTTTATCTGGTGG,WT,0.8900044633961796,1,1,0,2,0.8178750183919644,0.0,CGTGCTGGCGGTTTATCTGGTGG
ATCGCCAGCATCAATGCAGCTGG,ATCGCCAGCATCAATGCAGCTGG,WT,0.8759744878950417,0,0,0,2,0.829837848854496,0.0,ATCGCCAGCATCAATGCAGCTGG
CGCCCAATGGTTCGGTATGCTGG,CGCCCAATGGTTCGGTATGCTGG,WT,0.8898188717897143,0,0,0,5,0.6659236734267686,0.0,CGCCCAATGGTTCGGTATGCTGG
CGCCCGCATACCGAACCATTTGG,CGCCCGCATACCGAACCATTTGG,WT,0.8866714386114926,0,0,0,5,0.666638934486992,0.0,CGCCCGCATACCGAACCATTTGG
CCGCTCAGCATCAATGCAGCTGG,CCGCTCAGCATCAATGCAGCTGG,WT,0.8795567196007967,0,0,0,2,0.8300045309947346,0.0,CCGCTCAGCATCAATGCAGCTGG
CCGCTGCATTGATGCTGAGCTGG,CCGCTGCATTGATGCTGAGCTGG,WT,0.8891482987529926,0,0,0,5,0.6658270587455885,0.0,CCGCTGCATTGATGCTGAGCTGG
CGGTGCTCAGCTTCGCGACCTGG,CGGTGCTCAGCTTCGCGACCTGG,WT,0.8937172828135305,0,0,0,2,0.8332433430522836,0.0,CGGTGCTCAGCTTCGCGACCTGG
GCGACCGGGTGCATAATATTTGG,GCGACCGGGTGCATAATATTTGG,WT,0.9554032532259598,0,0,0,2,0.8332836140776934,0.0,GCGACCGGGTGCATAATATTTGG
GCGATAACGCCGCCGCCTTCTGG,GCGATAACGCCGCCGCCTTCTGG,WT,0.9352524378879968,0,0,0,2,0.8329136836557182,0.0,GCGATAACGCCGCCGCCTTCTGG
GGCGGTTTATCTGGTGGTGCTGG,GGCGGTTTATCTGGTGGTGCTGG,WT,0.9186077957028144,1,1,0,2,0.819740062065799,0.0,GGCGGTTTATCTGGTGGTGCTGG
GCTGGTTATGCGTTTGCTGCTGG,GCTGGTTATGCGTTTGCTGCTGG,WT,0.9191542466049066,3,0,0,2,0.8249702660091874,0.0,GCTGGTTATGCGTTTGCTGCTGG
CGCCGTGCTGGCGGTTTATCTGG,CGCCGTGCTGGCGGTTTATCTGG,WT,0.9134988645347552,0,1,0,2,0.8157123824242368,0.0,CGCCGTGCTGGCGGTTTATCTGG
GTCCTGTTCGAGTTTAGCGATGG,GTCCTGTTCGAGTTTAGCGATGG,WT,0.9062940187165424,0,0,0,5,0.6664357244736124,0.0,GTCCTGTTCGAGTTTAGCGATGG
TTTAGCGACGGAATAGTGTATGG,TTTAGCGACGGAATAGTGTATGG,WT,0.9182586697353756,0,0,0,5,0.6666426675306355,0.0,TTTAGCGACGGAATAGTGTATGG
GCAGCAATGCCAACCTTTATTGG,GCAGCAATGCCAACCTTTATTGG,WT,0.9372535431702936,0,0,0,5,0.6665355369087055,0.0,GCAGCAATGCCAACCTTTATTGG
GGTGCTGGTGGTGCTGGTTTTGG,GGTGCTGGTGGTGCTGGTTTTGG,WT,0.970102022115462,7,2,1,2,0.7174366447841315,0.0,GGTGCTGGTGGTGCTGGTTTTGG
GCTGGTTTCGGTGCCGTGATTGG,GCTGGTTTCGGTGCCGTGATTGG,WT,0.9512014997041264,1,0,0,2,0.8272844363558088,0.0,GCTGGTTTCGGTGCCGTGATTGG
GGTGCCGTGATCGGTGGTGCTGG,GGTGCCGTGATCGGTGGTGCTGG,WT,0.9510256260244744,0,0,0,2,0.8310114872379903,0.0,GGTGCCGTGATCGGTGGTGCTGG
AGCAAGACAGCAGAACTAGATGG,AGCAAGACAGCAGAACTAGATGG,WT,0.8821832491328256,0,0,0,3,0.77263386480499,0.0,AGCAAGACAGCAGAACTAGATGG
CGTGGCGATCTGGTTTTCGATGG,CGTGGCGATCTGGTTTTCGATGG,WT,0.9103890311816876,0,0,0,2,0.8307370722981335,0.0,CGTGGCGATCTGGTTTTCGATGG
TTAACCAGCACCACCGATCATGG,TTAACCAGCACCACCGATCATGG,WT,0.8992313574474068,0,0,1,1,0.8736345310688027,0.0,TTAACCAGCACCACCGATCATGG
TTTCGATCTGGTTTTCGATCTGG,TTTCGATCTGGTTTTCGATCTGG,WT,0.8985193358742597,0,0,3,5,0.6049173123402829,0.0,TTTCGATCTGGTTTTCGATCTGG
TGGCGATCTGGTTTTCGATCTGG,TGGCGATCTGGTTTTCGATCTGG,WT,0.9075670254357164,1,0,0,8,0.5646135248652974,0.0,TGGCGATCTGGTTTTCGATCTGG
CTCCATCGGTGTGTACGCGGTGG,CTCCATCGGTGTGTACGCGGTGG,WT,0.8800524272061088,0,0,0,3,0.7726005557006758,0.0,CTCCATCGGTGTGTACGCGGTGG
TGATGCAGCATACTTCTGTGTGG,TGATGCAGCATACTTCTGTGTGG,WT,0.9094450581820676,0,0,0,4,0.7142486243750056,0.0,TGATGCAGCATACTTCTGTGTGG
GCTAAACTCGAACAGGACTTTGG,GCTAAACTCGAACAGGACTTTGG,WT,0.9594871482894152,0,0,0,6,0.6243520786304013,0.0,GCTAAACTCGAACAGGACTTTGG
CTGTGCTTGTCATCCTTGTTTGG,CTGTGCTTGTCATCCTTGTTTGG,WT,0.8894564301609028,0,0,0,3,0.7691975753969387,0.0,CTGTGCTTGTCATCCTTGTTTGG
AAACTCGAACAGGACTTTGGTGG,AAACTCGAACAGGACTTTGGTGG,WT,0.9134810758296428,0,0,0,6,0.6243415148086003,0.0,AAACTCGAACAGGACTTTGGTGG
CAGGACTTTGGCGGCTCCATTGG,CAGGACTTTGGCGGCTCCATTGG,WT,0.9093306465533416,0,0,0,6,0.6249736729840255,0.0,CAGGACTTTGGCGGCTCCATTGG
