gene,position,strand,spacer,pam,gc_content,on_target_score,specificity_score,conservation_score,final_score,crispr_hawk_proxy_score,rank_crispr_hawk_proxy
blaKPC,205,-,AGCGACGGAATAGTGTATGG,CGG,50.0,82.0,100.0,100.0,92.8,96.4,1
blaKPC,282,-,AGCGACGGAATAGTGTATGG,CGG,50.0,82.0,100.0,100.0,92.8,96.4,2
blaNDM1,43,-,CATCAATGCAGCGGCTAATG,CGG,50.0,82.0,100.0,100.0,92.8,96.4,3
blaKPC,47,+,TTGTCATCCTTGTTAGGCGG,CGG,50.0,80.0,100.0,100.0,92.0,96.0,4
blaKPC,38,-,AACAAGGATGACAAGCACAG,CGG,45.0,82.0,100.0,100.0,92.8,95.9,5
blaNDM1,104,-,GATCGCCAGCATCAATGCAG,CGG,55.0,82.0,100.0,100.0,92.8,95.9,6
blaNDM1,302,+,ACGCCCAATGGTTCGGTATG,CGG,55.0,82.0,100.0,100.0,92.8,95.9,7
blaNDM1,215,+,ACGCCCAATGGTTCGGTATG,CGG,55.0,82.0,100.0,100.0,92.8,95.9,8
blaNDM1,308,+,AATGGTTCGGTATGCGGGCG,TGG,60.0,84.0,100.0,100.0,93.6,95.8,9
blaNDM1,221,+,AATGGTTCGGTATGCGGGCG,TGG,60.0,84.0,100.0,100.0,93.6,95.8,10
