gene,position,strand,spacer,pam,gc_content,on_target_score,offtarget_hits_0mm,offtarget_hits_1mm,offtarget_hits_2mm,offtarget_hits_3mm,offtarget_penalty,specificity_score,total_strains,perfect_match_strains,one_mismatch_or_better_strains,pam_supported_strains,perfect_match_fraction,one_mismatch_or_better_fraction,pam_supported_fraction,conservation_score,mean_strain_score,min_strain_score,std_strain_score,final_score,classification
blaKPC,171,+,AGAGCCTTACTGCCCGAAGG,CGG,60.0,82.0,0,0,0,0,0,100,3,3,3,3,1.0,1.0,1.0,100.0,100.0,100.0,0.0,92.8,Excellent
blaKPC,174,+,GCCTTACTGCCCGAAGGCGG,CGG,70.0,82.0,0,0,0,0,0,100,3,3,3,3,1.0,1.0,1.0,100.0,100.0,100.0,0.0,92.8,Excellent
blaKPC,248,+,CGGCTCCATCGGTGTGTACG,CGG,65.0,82.0,0,0,0,0,0,100,3,3,3,3,1.0,1.0,1.0,100.0,100.0,100.0,0.0,92.8,Excellent
blaKPC,282,-,AGCGACGGAATAGTGTATGG,CGG,50.0,82.0,0,0,0,0,0,100,3,3,3,3,1.0,1.0,1.0,100.0,100.0,100.0,0.0,92.8,Excellent
blaKPC,205,-,AGCGACGGAATAGTGTATGG,CGG,50.0,82.0,0,0,0,0,0,100,3,3,3,3,1.0,1.0,1.0,100.0,100.0,100.0,0.0,92.8,Excellent
blaKPC,81,-,AGCAGCAGCAGCAACAACGG,CGG,60.0,82.0,0,0,0,0,0,100,3,3,3,3,1.0,1.0,1.0,100.0,100.0,100.0,0.0,92.8,Excellent
blaKPC,78,-,AGCAGCAGCAACAACGGCGG,CGG,65.0,82.0,0,0,0,0,0,100,3,3,3,3,1.0,1.0,1.0,100.0,100.0,100.0,0.0,92.8,Excellent
blaKPC,38,-,AACAAGGATGACAAGCACAG,CGG,45.0,82.0,0,0,0,0,0,100,3,3,3,3,1.0,1.0,1.0,100.0,100.0,100.0,0.0,92.8,Excellent
blaKPC,44,+,TGCTTGTCATCCTTGTTAGG,CGG,45.0,80.0,0,0,0,0,0,100,3,3,3,3,1.0,1.0,1.0,100.0,100.0,100.0,0.0,92.0,Excellent
blaKPC,47,+,TTGTCATCCTTGTTAGGCGG,CGG,50.0,80.0,0,0,0,0,0,100,3,3,3,3,1.0,1.0,1.0,100.0,100.0,100.0,0.0,92.0,Excellent
blaKPC,83,+,GCCGTTGTTGCTGCTGCTGC,TGG,65.0,80.0,0,0,0,0,0,100,3,3,3,3,1.0,1.0,1.0,100.0,100.0,100.0,0.0,92.0,Excellent
blaKPC,96,+,CTGCTGCTGGCTGTTGCTGC,TGG,65.0,80.0,0,0,0,0,0,100,3,3,3,3,1.0,1.0,1.0,100.0,100.0,100.0,0.0,92.0,Excellent
blaKPC,100,+,TGCTGGCTGTTGCTGCTGGC,TGG,65.0,78.0,0,0,0,0,0,100,3,3,3,3,1.0,1.0,1.0,100.0,100.0,100.0,0.0,91.2,Excellent
blaKPC,107,+,TGTTGCTGCTGGCTGGCTGC,TGG,65.0,78.0,0,0,0,0,0,100,3,3,3,3,1.0,1.0,1.0,100.0,100.0,100.0,0.0,91.2,Excellent
blaKPC,184,-,GGCGATAACGCCGCCGCCTT,CGG,70.0,78.0,0,0,0,0,0,100,3,3,3,3,1.0,1.0,1.0,100.0,100.0,100.0,0.0,91.2,Excellent
blaKPC,84,-,GCCAGCAGCAGCAGCAACAA,CGG,60.0,78.0,0,0,0,0,0,100,3,3,3,3,1.0,1.0,1.0,100.0,100.0,100.0,0.0,91.2,Excellent
blaKPC,54,-,GATAACGCCGCCGCCTAACA,AGG,60.0,78.0,0,0,0,0,0,100,3,3,3,3,1.0,1.0,1.0,100.0,100.0,100.0,0.0,91.2,Excellent
blaKPC,168,+,TTCAGAGCCTTACTGCCCGA,AGG,55.0,76.0,0,0,0,0,0,100,3,3,3,3,1.0,1.0,1.0,100.0,100.0,100.0,0.0,90.4,Excellent
blaKPC,218,+,TTCCGTCGCTAAACTCGAAC,AGG,50.0,76.0,0,0,0,0,0,100,3,3,3,3,1.0,1.0,1.0,100.0,100.0,100.0,0.0,90.4,Excellent
blaKPC,295,+,TTCCGTCGCTAAACTCGAAC,AGG,50.0,76.0,0,0,0,0,0,100,3,3,3,3,1.0,1.0,1.0,100.0,100.0,100.0,0.0,90.4,Excellent
blaKPC,183,-,GCGATAACGCCGCCGCCTTC,GGG,70.0,75.0,0,0,0,0,0,100,3,3,3,3,1.0,1.0,1.0,100.0,100.0,100.0,0.0,90.0,Excellent
blaKPC,297,-,GTCCTGTTCGAGTTTAGCGA,CGG,50.0,70.0,0,0,0,0,0,100,3,3,3,3,1.0,1.0,1.0,100.0,100.0,100.0,0.0,88.0,Excellent
blaKPC,285,-,TTTAGCGACGGAATAGTGTA,TGG,40.0,70.0,0,0,0,0,0,100,3,3,3,3,1.0,1.0,1.0,100.0,100.0,100.0,0.0,88.0,Excellent
blaKPC,220,-,GTCCTGTTCGAGTTTAGCGA,CGG,50.0,70.0,0,0,0,0,0,100,3,3,3,3,1.0,1.0,1.0,100.0,100.0,100.0,0.0,88.0,Excellent
blaKPC,208,-,TTTAGCGACGGAATAGTGTA,TGG,40.0,70.0,0,0,0,0,0,100,3,3,3,3,1.0,1.0,1.0,100.0,100.0,100.0,0.0,88.0,Excellent
blaKPC,14,-,AGCAAGACAGCAGAACTAGA,CGG,45.0,78.0,0,0,1,0,8,85.2,3,3,3,3,1.0,1.0,1.0,100.0,100.0,100.0,0.0,86.8,Excellent
blaKPC,251,+,CTCCATCGGTGTGTACGCGG,CGG,65.0,82.0,0,1,0,0,20,67.0,3,3,3,3,1.0,1.0,1.0,100.0,100.0,100.0,0.0,82.9,Good
blaKPC,225,+,GCTAAACTCGAACAGGACTT,TGG,45.0,80.0,1,0,0,0,50,36.8,3,3,3,3,1.0,1.0,1.0,100.0,100.0,100.0,0.0,73.0,Good
blaKPC,302,+,GCTAAACTCGAACAGGACTT,TGG,45.0,80.0,1,0,0,0,50,36.8,3,3,3,3,1.0,1.0,1.0,100.0,100.0,100.0,0.0,73.0,Good
blaKPC,41,+,CTGTGCTTGTCATCCTTGTT,AGG,45.0,78.0,1,0,0,0,50,36.8,3,3,3,3,1.0,1.0,1.0,100.0,100.0,100.0,0.0,72.2,Good
blaKPC,228,+,AAACTCGAACAGGACTTTGG,CGG,45.0,74.0,1,0,0,0,50,36.8,3,3,3,3,1.0,1.0,1.0,100.0,100.0,100.0,0.0,70.6,Good
blaKPC,305,+,AAACTCGAACAGGACTTTGG,CGG,45.0,74.0,1,0,0,0,50,36.8,3,3,3,3,1.0,1.0,1.0,100.0,100.0,100.0,0.0,70.6,Good
blaKPC,237,+,CAGGACTTTGGCGGCTCCAT,CGG,60.0,70.0,1,0,0,0,50,36.8,3,3,3,3,1.0,1.0,1.0,100.0,100.0,100.0,0.0,69.0,Moderate
blaKPC,314,+,CAGGACTTTGGCGGCTCCAT,CGG,60.0,70.0,1,0,0,0,50,36.8,3,3,3,3,1.0,1.0,1.0,100.0,100.0,100.0,0.0,69.0,Moderate
blaNDM1,221,+,AATGGTTCGGTATGCGGGCG,TGG,60.0,84.0,0,0,0,0,0,100,3,3,3,3,1.0,1.0,1.0,100.0,100.0,100.0,0.0,93.6,Excellent
blaNDM1,308,+,AATGGTTCGGTATGCGGGCG,TGG,60.0,84.0,0,0,0,0,0,100,3,3,3,3,1.0,1.0,1.0,100.0,100.0,100.0,0.0,93.6,Excellent
blaNDM1,51,+,GCCGCTGCATTGATGCTGAG,CGG,60.0,82.0,0,0,0,0,0,100,3,3,3,3,1.0,1.0,1.0,100.0,100.0,100.0,0.0,92.8,Excellent
blaNDM1,77,+,CCCGCTGCATTGATGCTGAG,CGG,60.0,82.0,0,0,0,0,0,100,3,3,3,3,1.0,1.0,1.0,100.0,100.0,100.0,0.0,92.8,Excellent
blaNDM1,215,+,ACGCCCAATGGTTCGGTATG,CGG,55.0,82.0,0,0,0,0,0,100,3,3,3,3,1.0,1.0,1.0,100.0,100.0,100.0,0.0,92.8,Excellent
blaNDM1,302,+,ACGCCCAATGGTTCGGTATG,CGG,55.0,82.0,0,0,0,0,0,100,3,3,3,3,1.0,1.0,1.0,100.0,100.0,100.0,0.0,92.8,Excellent
blaNDM1,290,-,CCATTGGGCGTTGGTCACGG,CGG,65.0,82.0,0,0,0,0,0,100,3,3,3,3,1.0,1.0,1.0,100.0,100.0,100.0,0.0,92.8,Excellent
blaNDM1,203,-,CCATTGGGCGTTGGTCACGG,CGG,65.0,82.0,0,0,0,0,0,100,3,3,3,3,1.0,1.0,1.0,100.0,100.0,100.0,0.0,92.8,Excellent
blaNDM1,104,-,GATCGCCAGCATCAATGCAG,CGG,55.0,82.0,0,0,0,0,0,100,3,3,3,3,1.0,1.0,1.0,100.0,100.0,100.0,0.0,92.8,Excellent
blaNDM1,78,-,CCCGCTCAGCATCAATGCAG,CGG,60.0,82.0,0,0,0,0,0,100,3,3,3,3,1.0,1.0,1.0,100.0,100.0,100.0,0.0,92.8,Excellent
blaNDM1,52,-,CCCGCTCAGCATCAATGCAG,CGG,60.0,82.0,0,0,0,0,0,100,3,3,3,3,1.0,1.0,1.0,100.0,100.0,100.0,0.0,92.8,Excellent
blaNDM1,43,-,CATCAATGCAGCGGCTAATG,CGG,50.0,82.0,0,0,0,0,0,100,3,3,3,3,1.0,1.0,1.0,100.0,100.0,100.0,0.0,92.8,Excellent
blaNDM1,99,+,GGTGCCCGCTGCATTGATGC,TGG,65.0,80.0,0,0,0,0,0,100,3,3,3,3,1.0,1.0,1.0,100.0,100.0,100.0,0.0,92.0,Excellent
blaNDM1,107,+,CTGCATTGATGCTGGCGATC,TGG,55.0,80.0,0,0,0,0,0,100,3,3,3,3,1.0,1.0,1.0,100.0,100.0,100.0,0.0,92.0,Excellent
blaNDM1,203,+,CCGCCGTGACCAACGCCCAA,TGG,70.0,80.0,0,0,0,0,0,100,3,3,3,3,1.0,1.0,1.0,100.0,100.0,100.0,0.0,92.0,Excellent
blaNDM1,229,+,GGTATGCGGGCGTGGCGATC,TGG,70.0,80.0,0,0,0,0,0,100,3,3,3,3,1.0,1.0,1.0,100.0,100.0,100.0,0.0,92.0,Excellent
blaNDM1,290,+,CCGCCGTGACCAACGCCCAA,TGG,70.0,80.0,0,0,0,0,0,100,3,3,3,3,1.0,1.0,1.0,100.0,100.0,100.0,0.0,92.0,Excellent
blaNDM1,306,-,ACGCCCGCATACCGAACCAT,TGG,60.0,80.0,0,0,0,0,0,100,3,3,3,3,1.0,1.0,1.0,100.0,100.0,100.0,0.0,92.0,Excellent
blaNDM1,299,-,CATACCGAACCATTGGGCGT,TGG,55.0,80.0,0,0,0,0,0,100,3,3,3,3,1.0,1.0,1.0,100.0,100.0,100.0,0.0,92.0,Excellent
blaNDM1,219,-,ACGCCCGCATACCGAACCAT,TGG,60.0,80.0,0,0,0,0,0,100,3,3,3,3,1.0,1.0,1.0,100.0,100.0,100.0,0.0,92.0,Excellent
blaNDM1,212,-,CATACCGAACCATTGGGCGT,TGG,55.0,80.0,0,0,0,0,0,100,3,3,3,3,1.0,1.0,1.0,100.0,100.0,100.0,0.0,92.0,Excellent
blaNDM1,10,-,CGCGACCGGGTGCATAATAT,TGG,55.0,80.0,0,0,0,0,0,100,3,3,3,3,1.0,1.0,1.0,100.0,100.0,100.0,0.0,92.0,Excellent
blaNDM1,5,+,ATTGCCCAATATTATGCACC,CGG,40.0,78.0,0,0,0,0,0,100,3,3,3,3,1.0,1.0,1.0,100.0,100.0,100.0,0.0,91.2,Excellent
blaNDM1,180,+,CACTTCCTATCTCGACATGC,CGG,50.0,78.0,0,0,0,0,0,100,3,3,3,3,1.0,1.0,1.0,100.0,100.0,100.0,0.0,91.2,Excellent
blaNDM1,208,+,GTGACCAACGCCCAATGGTT,CGG,55.0,78.0,0,0,0,0,0,100,3,3,3,3,1.0,1.0,1.0,100.0,100.0,100.0,0.0,91.2,Excellent
blaNDM1,267,+,CACTTCCTATCTCGACATGC,CGG,50.0,78.0,0,0,0,0,0,100,3,3,3,3,1.0,1.0,1.0,100.0,100.0,100.0,0.0,91.2,Excellent
blaNDM1,295,+,GTGACCAACGCCCAATGGTT,CGG,55.0,78.0,0,0,0,0,0,100,3,3,3,3,1.0,1.0,1.0,100.0,100.0,100.0,0.0,91.2,Excellent
blaNDM1,293,-,GAACCATTGGGCGTTGGTCA,CGG,55.0,78.0,0,0,0,0,0,100,3,3,3,3,1.0,1.0,1.0,100.0,100.0,100.0,0.0,91.2,Excellent
blaNDM1,272,-,GGCGGCCGGCATGTCGAGAT,AGG,70.0,78.0,0,0,0,0,0,100,3,3,3,3,1.0,1.0,1.0,100.0,100.0,100.0,0.0,91.2,Excellent
blaNDM1,206,-,GAACCATTGGGCGTTGGTCA,CGG,55.0,78.0,0,0,0,0,0,100,3,3,3,3,1.0,1.0,1.0,100.0,100.0,100.0,0.0,91.2,Excellent
blaNDM1,185,-,GGCGGCCGGCATGTCGAGAT,AGG,70.0,78.0,0,0,0,0,0,100,3,3,3,3,1.0,1.0,1.0,100.0,100.0,100.0,0.0,91.2,Excellent
blaNDM1,24,-,GCGGTGCTCAGCTTCGCGAC,CGG,70.0,78.0,0,0,0,0,0,100,3,3,3,3,1.0,1.0,1.0,100.0,100.0,100.0,0.0,91.2,Excellent
blaNDM1,52,+,CCGCTGCATTGATGCTGAGC,GGG,60.0,75.0,0,0,0,0,0,100,3,3,3,3,1.0,1.0,1.0,100.0,100.0,100.0,0.0,90.0,Excellent
blaNDM1,78,+,CCGCTGCATTGATGCTGAGC,GGG,60.0,75.0,0,0,0,0,0,100,3,3,3,3,1.0,1.0,1.0,100.0,100.0,100.0,0.0,90.0,Excellent
blaNDM1,216,+,CGCCCAATGGTTCGGTATGC,GGG,60.0,75.0,0,0,0,0,0,100,3,3,3,3,1.0,1.0,1.0,100.0,100.0,100.0,0.0,90.0,Excellent
blaNDM1,303,+,CGCCCAATGGTTCGGTATGC,GGG,60.0,75.0,0,0,0,0,0,100,3,3,3,3,1.0,1.0,1.0,100.0,100.0,100.0,0.0,90.0,Excellent
blaNDM1,305,-,CGCCCGCATACCGAACCATT,GGG,60.0,75.0,0,0,0,0,0,100,3,3,3,3,1.0,1.0,1.0,100.0,100.0,100.0,0.0,90.0,Excellent
blaNDM1,218,-,CGCCCGCATACCGAACCATT,GGG,60.0,75.0,0,0,0,0,0,100,3,3,3,3,1.0,1.0,1.0,100.0,100.0,100.0,0.0,90.0,Excellent
blaNDM1,103,-,ATCGCCAGCATCAATGCAGC,GGG,55.0,75.0,0,0,0,0,0,100,3,3,3,3,1.0,1.0,1.0,100.0,100.0,100.0,0.0,90.0,Excellent
blaNDM1,77,-,CCGCTCAGCATCAATGCAGC,GGG,60.0,75.0,0,0,0,0,0,100,3,3,3,3,1.0,1.0,1.0,100.0,100.0,100.0,0.0,90.0,Excellent
blaNDM1,23,-,CGGTGCTCAGCTTCGCGACC,GGG,70.0,75.0,0,0,0,0,0,100,3,3,3,3,1.0,1.0,1.0,100.0,100.0,100.0,0.0,90.0,Excellent
blaNDM1,9,-,GCGACCGGGTGCATAATATT,GGG,50.0,75.0,0,0,0,0,0,100,3,3,3,3,1.0,1.0,1.0,100.0,100.0,100.0,0.0,90.0,Excellent
blaNDM1,239,+,CGTGGCGATCTGGTTTTCGA,TGG,55.0,60.0,0,0,0,0,0,100,3,3,3,3,1.0,1.0,1.0,100.0,100.0,100.0,0.0,84.0,Good
blaNDM1,119,+,TGGCGATCTGGTTTTCGATC,TGG,50.0,58.0,0,0,0,0,0,100,3,3,3,3,1.0,1.0,1.0,100.0,100.0,100.0,0.0,83.2,Good
blaNDM1,131,+,TTTCGATCTGGTTTTCGATC,TGG,40.0,58.0,0,0,0,0,0,100,3,3,3,3,1.0,1.0,1.0,100.0,100.0,100.0,0.0,83.2,Good
blaNDM1,143,+,TTTCGATCTGGTTTTCGATC,TGG,40.0,58.0,0,0,0,0,0,100,3,3,3,3,1.0,1.0,1.0,100.0,100.0,100.0,0.0,83.2,Good
mcr1,104,+,CTGCTGCTGGCTGCTGCTGG,CGG,70.0,82.0,0,0,0,0,0,100,3,3,3,3,1.0,1.0,1.0,100.0,100.0,100.0,0.0,92.8,Excellent
mcr1,220,+,TCGCCGGTGCTGCTGGTCAG,TGG,70.0,82.0,0,0,0,0,0,100,3,3,3,3,1.0,1.0,1.0,100.0,100.0,100.0,0.0,92.8,Excellent
mcr1,27,+,CGACGCCGTTCTTCTGGTAC,TGG,60.0,80.0,0,0,0,0,0,100,3,3,3,3,1.0,1.0,1.0,100.0,100.0,100.0,0.0,92.0,Excellent
mcr1,31,+,GCCGTTCTTCTGGTACTGGA,TGG,55.0,80.0,0,0,0,0,0,100,3,3,3,3,1.0,1.0,1.0,100.0,100.0,100.0,0.0,92.0,Excellent
mcr1,52,+,GGTGCCGTTGCTGCTGCTGC,TGG,70.0,80.0,0,0,0,0,0,100,3,3,3,3,1.0,1.0,1.0,100.0,100.0,100.0,0.0,92.0,Excellent
mcr1,91,+,GGTGCTGCTGCTGCTGCTGC,TGG,70.0,80.0,0,0,0,0,0,100,3,3,3,3,1.0,1.0,1.0,100.0,100.0,100.0,0.0,92.0,Excellent
mcr1,101,+,CTGCTGCTGCTGGCTGCTGC,TGG,70.0,80.0,0,0,0,0,0,100,3,3,3,3,1.0,1.0,1.0,100.0,100.0,100.0,0.0,92.0,Excellent
mcr1,131,+,GCTGCTGCTGGCTATGCTGC,TGG,65.0,80.0,0,0,0,0,0,100,3,3,3,3,1.0,1.0,1.0,100.0,100.0,100.0,0.0,92.0,Excellent
mcr1,150,+,CTGGTTATCGCCGGTGCTGC,TGG,65.0,80.0,0,0,0,0,0,100,3,3,3,3,1.0,1.0,1.0,100.0,100.0,100.0,0.0,92.0,Excellent
mcr1,171,+,GGTGCTATCGCCGGTGCTGC,TGG,70.0,80.0,0,0,0,0,0,100,3,3,3,3,1.0,1.0,1.0,100.0,100.0,100.0,0.0,92.0,Excellent
mcr1,192,+,GGTGCTATCGCCGGTGCTGC,TGG,70.0,80.0,0,0,0,0,0,100,3,3,3,3,1.0,1.0,1.0,100.0,100.0,100.0,0.0,92.0,Excellent
mcr1,213,+,GGTGCTATCGCCGGTGCTGC,TGG,70.0,80.0,0,0,0,0,0,100,3,3,3,3,1.0,1.0,1.0,100.0,100.0,100.0,0.0,92.0,Excellent
mcr1,241,+,GGCTGTGCCGTGTTCGGTGC,TGG,70.0,80.0,0,0,0,0,0,100,3,3,3,3,1.0,1.0,1.0,100.0,100.0,100.0,0.0,92.0,Excellent
mcr1,255,+,CGGTGCTGGTATCGCCGTGC,TGG,70.0,80.0,0,0,0,0,0,100,3,3,3,3,1.0,1.0,1.0,100.0,100.0,100.0,0.0,92.0,Excellent
mcr1,258,+,TGCTGGTATCGCCGTGCTGG,CGG,65.0,80.0,0,0,0,0,0,100,3,3,3,3,1.0,1.0,1.0,100.0,100.0,100.0,0.0,92.0,Excellent
mcr1,21,+,TGGTACCGACGCCGTTCTTC,TGG,60.0,78.0,0,0,0,0,0,100,3,3,3,3,1.0,1.0,1.0,100.0,100.0,100.0,0.0,91.2,Excellent
mcr1,141,+,GCTATGCTGCTGGTTATCGC,CGG,55.0,78.0,0,0,0,0,0,100,3,3,3,3,1.0,1.0,1.0,100.0,100.0,100.0,0.0,91.2,Excellent
mcr1,162,+,GGTGCTGCTGGTGCTATCGC,CGG,65.0,78.0,0,0,0,0,0,100,3,3,3,3,1.0,1.0,1.0,100.0,100.0,100.0,0.0,91.2,Excellent
mcr1,183,+,GGTGCTGCTGGTGCTATCGC,CGG,65.0,78.0,0,0,0,0,0,100,3,3,3,3,1.0,1.0,1.0,100.0,100.0,100.0,0.0,91.2,Excellent
mcr1,204,+,GGTGCTGCTGGTGCTATCGC,CGG,65.0,78.0,0,0,0,0,0,100,3,3,3,3,1.0,1.0,1.0,100.0,100.0,100.0,0.0,91.2,Excellent
mcr1,235,+,GTCAGTGGCTGTGCCGTGTT,CGG,60.0,78.0,0,0,0,0,0,100,3,3,3,3,1.0,1.0,1.0,100.0,100.0,100.0,0.0,91.2,Excellent
mcr1,285,+,TCTGGTGGTGCTGGTGGTGC,TGG,65.0,78.0,0,0,0,0,0,100,3,3,3,3,1.0,1.0,1.0,100.0,100.0,100.0,0.0,91.2,Excellent
mcr1,269,-,CACCAGATAAACCGCCAGCA,CGG,55.0,78.0,0,0,0,0,0,100,3,3,3,3,1.0,1.0,1.0,100.0,100.0,100.0,0.0,91.2,Excellent
mcr1,248,-,GGCGATACCAGCACCGAACA,CGG,60.0,78.0,0,0,0,0,0,100,3,3,3,3,1.0,1.0,1.0,100.0,100.0,100.0,0.0,91.2,Excellent
mcr1,223,-,CAGCCACTGACCAGCAGCAC,CGG,65.0,78.0,0,0,0,0,0,100,3,3,3,3,1.0,1.0,1.0,100.0,100.0,100.0,0.0,91.2,Excellent
mcr1,202,-,GGCGATAGCACCAGCAGCAC,CGG,65.0,78.0,0,0,0,0,0,100,3,3,3,3,1.0,1.0,1.0,100.0,100.0,100.0,0.0,91.2,Excellent
mcr1,181,-,GGCGATAGCACCAGCAGCAC,CGG,65.0,78.0,0,0,0,0,0,100,3,3,3,3,1.0,1.0,1.0,100.0,100.0,100.0,0.0,91.2,Excellent
mcr1,160,-,GGCGATAGCACCAGCAGCAC,CGG,65.0,78.0,0,0,0,0,0,100,3,3,3,3,1.0,1.0,1.0,100.0,100.0,100.0,0.0,91.2,Excellent
mcr1,56,-,ATAACCAGCAGCAGCAGCAA,CGG,50.0,78.0,0,0,0,0,0,100,3,3,3,3,1.0,1.0,1.0,100.0,100.0,100.0,0.0,91.2,Excellent
mcr1,32,-,ACCATCCAGTACCAGAAGAA,CGG,45.0,78.0,0,0,0,0,0,100,3,3,3,3,1.0,1.0,1.0,100.0,100.0,100.0,0.0,91.2,Excellent
mcr1,26,-,CAGTACCAGAAGAACGGCGT,CGG,55.0,78.0,0,0,0,0,0,100,3,3,3,3,1.0,1.0,1.0,100.0,100.0,100.0,0.0,91.2,Excellent
mcr1,270,+,CGTGCTGGCGGTTTATCTGG,TGG,60.0,76.0,0,0,0,0,0,100,3,3,3,3,1.0,1.0,1.0,100.0,100.0,100.0,0.0,90.4,Excellent
mcr1,279,+,GGTTTATCTGGTGGTGCTGG,TGG,55.0,76.0,0,0,0,0,0,100,3,3,3,3,1.0,1.0,1.0,100.0,100.0,100.0,0.0,90.4,Excellent
mcr1,306,+,GGTTTCGGTGCCGTGATCGG,TGG,65.0,76.0,0,0,0,0,0,100,3,3,3,3,1.0,1.0,1.0,100.0,100.0,100.0,0.0,90.4,Excellent
mcr1,70,+,GCTGGTTATGCGTTTGCTGC,TGG,55.0,72.0,0,0,0,0,0,100,3,3,3,3,1.0,1.0,1.0,100.0,100.0,100.0,0.0,88.8,Excellent
mcr1,267,+,CGCCGTGCTGGCGGTTTATC,TGG,65.0,72.0,0,0,0,0,0,100,3,3,3,3,1.0,1.0,1.0,100.0,100.0,100.0,0.0,88.8,Excellent
mcr1,276,+,GGCGGTTTATCTGGTGGTGC,TGG,60.0,72.0,0,0,0,0,0,100,3,3,3,3,1.0,1.0,1.0,100.0,100.0,100.0,0.0,88.8,Excellent
mcr1,291,+,GGTGCTGGTGGTGCTGGTTT,CGG,60.0,70.0,0,0,0,0,0,100,3,3,3,3,1.0,1.0,1.0,100.0,100.0,100.0,0.0,88.0,Excellent
mcr1,303,+,GCTGGTTTCGGTGCCGTGAT,CGG,60.0,70.0,0,0,0,0,0,100,3,3,3,3,1.0,1.0,1.0,100.0,100.0,100.0,0.0,88.0,Excellent
mcr1,312,+,GGTGCCGTGATCGGTGGTGC,TGG,70.0,80.0,0,0,0,0,0,100,3,2,3,3,0.6667,1.0,1.0,83.1,90.0,70.0,14.14,86.9,Excellent
mcr1,316,-,TTAACCAGCACCACCGATCA,CGG,50.0,76.0,0,0,0,0,0,100,3,1,3,3,0.3333,1.0,1.0,78.1,80.0,70.0,14.14,83.8,Good
mcr1,1,+,TGATGCAGCATACTTCTGTG,TGG,45.0,82.0,1,0,0,0,50,36.8,3,3,3,3,1.0,1.0,1.0,100.0,100.0,100.0,0.0,73.8,Good
mecA,56,+,ACTGAACGTCCGATAAAGGT,TGG,45.0,80.0,0,0,0,0,0,100,3,3,3,3,1.0,1.0,1.0,100.0,100.0,100.0,0.0,92.0,Excellent
mecA,107,+,AACGCTGCTGCTATCGGTGC,TGG,60.0,80.0,0,0,0,0,0,100,3,3,3,3,1.0,1.0,1.0,100.0,100.0,100.0,0.0,92.0,Excellent
mecA,128,+,GGTGCTGCTGCTATCGGTGC,TGG,65.0,80.0,0,0,0,0,0,100,3,3,3,3,1.0,1.0,1.0,100.0,100.0,100.0,0.0,92.0,Excellent
mecA,149,+,GGTGCTGCTGCTATCGGTGC,TGG,65.0,80.0,0,0,0,0,0,100,3,3,3,3,1.0,1.0,1.0,100.0,100.0,100.0,0.0,92.0,Excellent
mecA,170,+,GGTGCTGCTGCTATCGGTGC,TGG,65.0,80.0,0,0,0,0,0,100,3,3,3,3,1.0,1.0,1.0,100.0,100.0,100.0,0.0,92.0,Excellent
mecA,191,+,GGTGCTGCTGCTATCGGTGC,TGG,65.0,80.0,0,0,0,0,0,100,3,3,3,3,1.0,1.0,1.0,100.0,100.0,100.0,0.0,92.0,Excellent
mecA,212,+,GGTGCTGCTGCTATCGGTGC,TGG,65.0,80.0,0,0,0,0,0,100,3,3,3,3,1.0,1.0,1.0,100.0,100.0,100.0,0.0,92.0,Excellent
mecA,233,+,GGTGCTGCTGCTATCGGTGC,TGG,65.0,80.0,0,0,0,0,0,100,3,3,3,3,1.0,1.0,1.0,100.0,100.0,100.0,0.0,92.0,Excellent
mecA,254,+,GGTGCTGCTGCTATCGGTGC,TGG,65.0,80.0,0,0,0,0,0,100,3,3,3,3,1.0,1.0,1.0,100.0,100.0,100.0,0.0,92.0,Excellent
mecA,278,+,GCTGCTGCTGTTGCTGATGC,TGG,60.0,80.0,0,0,0,0,0,100,3,3,3,3,1.0,1.0,1.0,100.0,100.0,100.0,0.0,92.0,Excellent
mecA,293,+,GATGCTGGTGCTATCGGTGC,TGG,60.0,80.0,0,0,0,0,0,100,3,3,3,3,1.0,1.0,1.0,100.0,100.0,100.0,0.0,92.0,Excellent
mecA,82,+,TGCTGCTATCGTTGCTGCTA,TGG,50.0,78.0,0,0,0,0,0,100,3,3,3,3,1.0,1.0,1.0,100.0,100.0,100.0,0.0,91.2,Excellent
mecA,101,+,ATGGTTAACGCTGCTGCTAT,CGG,45.0,78.0,0,0,0,0,0,100,3,3,3,3,1.0,1.0,1.0,100.0,100.0,100.0,0.0,91.2,Excellent
mecA,122,+,GGTGCTGGTGCTGCTGCTAT,CGG,60.0,78.0,0,0,0,0,0,100,3,3,3,3,1.0,1.0,1.0,100.0,100.0,100.0,0.0,91.2,Excellent
mecA,143,+,GGTGCTGGTGCTGCTGCTAT,CGG,60.0,78.0,0,0,0,0,0,100,3,3,3,3,1.0,1.0,1.0,100.0,100.0,100.0,0.0,91.2,Excellent
mecA,164,+,GGTGCTGGTGCTGCTGCTAT,CGG,60.0,78.0,0,0,0,0,0,100,3,3,3,3,1.0,1.0,1.0,100.0,100.0,100.0,0.0,91.2,Excellent
mecA,185,+,GGTGCTGGTGCTGCTGCTAT,CGG,60.0,78.0,0,0,0,0,0,100,3,3,3,3,1.0,1.0,1.0,100.0,100.0,100.0,0.0,91.2,Excellent
mecA,206,+,GGTGCTGGTGCTGCTGCTAT,CGG,60.0,78.0,0,0,0,0,0,100,3,3,3,3,1.0,1.0,1.0,100.0,100.0,100.0,0.0,91.2,Excellent
mecA,227,+,GGTGCTGGTGCTGCTGCTAT,CGG,60.0,78.0,0,0,0,0,0,100,3,3,3,3,1.0,1.0,1.0,100.0,100.0,100.0,0.0,91.2,Excellent
mecA,248,+,GGTGCTGGTGCTGCTGCTAT,CGG,60.0,78.0,0,0,0,0,0,100,3,3,3,3,1.0,1.0,1.0,100.0,100.0,100.0,0.0,91.2,Excellent
mecA,287,+,GTTGCTGATGCTGGTGCTAT,CGG,50.0,78.0,0,0,0,0,0,100,3,3,3,3,1.0,1.0,1.0,100.0,100.0,100.0,0.0,91.2,Excellent
mecA,52,+,TATGACTGAACGTCCGATAA,AGG,40.0,76.0,0,0,0,0,0,100,3,3,3,3,1.0,1.0,1.0,100.0,100.0,100.0,0.0,90.4,Excellent
mecA,65,-,GCAGCAATGCCAACCTTTAT,CGG,45.0,70.0,0,0,0,0,0,100,3,3,3,3,1.0,1.0,1.0,100.0,100.0,100.0,0.0,88.0,Excellent
