gene,position,strand,spacer,pam,gc_content,on_target_score,offtarget_hits_0mm,offtarget_hits_1mm,offtarget_hits_2mm,offtarget_hits_3mm,offtarget_penalty,specificity_score,total_strains,perfect_match_strains,one_mismatch_or_better_strains,pam_supported_strains,perfect_match_fraction,one_mismatch_or_better_fraction,pam_supported_fraction,conservation_score,final_score,classification
blaKPC,51,+,GCCGCTGCATTGATGCTGAG,CGG,60.0,82.0,0,0,0,0,0,100,4,4,4,4,1.0,1.0,1.0,80.0,86.9,Excellent
blaKPC,52,-,ACCGCTCAGCATCAATGCAG,CGG,55.0,82.0,0,0,0,0,0,100,4,4,4,4,1.0,1.0,1.0,80.0,86.9,Excellent
blaKPC,43,-,CATCAATGCAGCGGCTAATG,CGG,50.0,82.0,0,0,0,0,0,100,4,4,4,4,1.0,1.0,1.0,80.0,86.9,Excellent
blaNDM1,51,+,GCCGCTGCATTGATGCTGAG,CGG,60.0,82.0,0,0,0,0,0,100,4,4,4,4,1.0,1.0,1.0,80.0,86.9,Excellent
blaNDM1,52,-,ACCGCTCAGCATCAATGCAG,CGG,55.0,82.0,0,0,0,0,0,100,4,4,4,4,1.0,1.0,1.0,80.0,86.9,Excellent
blaNDM1,43,-,CATCAATGCAGCGGCTAATG,CGG,50.0,82.0,0,0,0,0,0,100,4,4,4,4,1.0,1.0,1.0,80.0,86.9,Excellent
mcr1,51,+,GCCGCTGCATTGATGCTGAG,CGG,60.0,82.0,0,0,0,0,0,100,4,4,4,4,1.0,1.0,1.0,80.0,86.9,Excellent
mcr1,52,-,ACCGCTCAGCATCAATGCAG,CGG,55.0,82.0,0,0,0,0,0,100,4,4,4,4,1.0,1.0,1.0,80.0,86.9,Excellent
mcr1,43,-,CATCAATGCAGCGGCTAATG,CGG,50.0,82.0,0,0,0,0,0,100,4,4,4,4,1.0,1.0,1.0,80.0,86.9,Excellent
mecA,51,+,GCCGCTGCATTGATGCTGAG,CGG,60.0,82.0,0,0,0,0,0,100,4,4,4,4,1.0,1.0,1.0,80.0,86.9,Excellent
mecA,52,-,ACCGCTCAGCATCAATGCAG,CGG,55.0,82.0,0,0,0,0,0,100,4,4,4,4,1.0,1.0,1.0,80.0,86.9,Excellent
mecA,43,-,CATCAATGCAGCGGCTAATG,CGG,50.0,82.0,0,0,0,0,0,100,4,4,4,4,1.0,1.0,1.0,80.0,86.9,Excellent
blaKPC,10,-,CGCGACCGGGTGCATAATAT,TGG,55.0,80.0,0,0,0,0,0,100,4,4,4,4,1.0,1.0,1.0,80.0,86.0,Excellent
blaNDM1,10,-,CGCGACCGGGTGCATAATAT,TGG,55.0,80.0,0,0,0,0,0,100,4,4,4,4,1.0,1.0,1.0,80.0,86.0,Excellent
mcr1,10,-,CGCGACCGGGTGCATAATAT,TGG,55.0,80.0,0,0,0,0,0,100,4,4,4,4,1.0,1.0,1.0,80.0,86.0,Excellent
mecA,10,-,CGCGACCGGGTGCATAATAT,TGG,55.0,80.0,0,0,0,0,0,100,4,4,4,4,1.0,1.0,1.0,80.0,86.0,Excellent
blaKPC,5,+,ATTGCCCAATATTATGCACC,CGG,40.0,78.0,0,0,0,0,0,100,4,4,4,4,1.0,1.0,1.0,80.0,85.1,Excellent
blaKPC,24,-,GCGGTGCTCAGCTTCGCGAC,CGG,70.0,78.0,0,0,0,0,0,100,4,4,4,4,1.0,1.0,1.0,80.0,85.1,Excellent
blaNDM1,5,+,ATTGCCCAATATTATGCACC,CGG,40.0,78.0,0,0,0,0,0,100,4,4,4,4,1.0,1.0,1.0,80.0,85.1,Excellent
blaNDM1,24,-,GCGGTGCTCAGCTTCGCGAC,CGG,70.0,78.0,0,0,0,0,0,100,4,4,4,4,1.0,1.0,1.0,80.0,85.1,Excellent
mcr1,5,+,ATTGCCCAATATTATGCACC,CGG,40.0,78.0,0,0,0,0,0,100,4,4,4,4,1.0,1.0,1.0,80.0,85.1,Excellent
mcr1,24,-,GCGGTGCTCAGCTTCGCGAC,CGG,70.0,78.0,0,0,0,0,0,100,4,4,4,4,1.0,1.0,1.0,80.0,85.1,Excellent
mecA,5,+,ATTGCCCAATATTATGCACC,CGG,40.0,78.0,0,0,0,0,0,100,4,4,4,4,1.0,1.0,1.0,80.0,85.1,Excellent
mecA,24,-,GCGGTGCTCAGCTTCGCGAC,CGG,70.0,78.0,0,0,0,0,0,100,4,4,4,4,1.0,1.0,1.0,80.0,85.1,Excellent
blaKPC,23,-,CGGTGCTCAGCTTCGCGACC,GGG,70.0,75.0,0,0,0,0,0,100,4,4,4,4,1.0,1.0,1.0,80.0,83.8,Excellent
blaKPC,9,-,GCGACCGGGTGCATAATATT,GGG,50.0,75.0,0,0,0,0,0,100,4,4,4,4,1.0,1.0,1.0,80.0,83.8,Excellent
blaNDM1,23,-,CGGTGCTCAGCTTCGCGACC,GGG,70.0,75.0,0,0,0,0,0,100,4,4,4,4,1.0,1.0,1.0,80.0,83.8,Excellent
blaNDM1,9,-,GCGACCGGGTGCATAATATT,GGG,50.0,75.0,0,0,0,0,0,100,4,4,4,4,1.0,1.0,1.0,80.0,83.8,Excellent
mcr1,23,-,CGGTGCTCAGCTTCGCGACC,GGG,70.0,75.0,0,0,0,0,0,100,4,4,4,4,1.0,1.0,1.0,80.0,83.8,Excellent
mcr1,9,-,GCGACCGGGTGCATAATATT,GGG,50.0,75.0,0,0,0,0,0,100,4,4,4,4,1.0,1.0,1.0,80.0,83.8,Excellent
