gene,position,strand,spacer,pam,gc_content,on_target_score,offtarget_hits_0mm,offtarget_hits_1mm,offtarget_hits_2mm,offtarget_hits_3mm,offtarget_penalty,specificity_score,total_strains,perfect_match_strains,one_mismatch_or_better_strains,pam_supported_strains,perfect_match_fraction,one_mismatch_or_better_fraction,pam_supported_fraction,conservation_score,mean_strain_score,min_strain_score,std_strain_score,final_score,classification,mock_offtarget,cfd_score,cfd_score_100
blaKPC,171,+,AGAGCCTTACTGCCCGAAGG,CGG,60.0,82.0,0,0,0,0,0,100.0,3,3,3,3,1.0,1.0,1.0,100.0,100.0,100.0,0.0,92.8,Excellent,AGAGCCTTACTGCCCGAAGA,0.8,80.0
blaKPC,174,+,GCCTTACTGCCCGAAGGCGG,CGG,70.0,82.0,0,0,0,0,0,100.0,3,3,3,3,1.0,1.0,1.0,100.0,100.0,100.0,0.0,92.8,Excellent,GCCTTACTGCCCGAAGGCGA,0.8,80.0
blaKPC,248,+,CGGCTCCATCGGTGTGTACG,CGG,65.0,82.0,0,0,0,0,0,100.0,3,3,3,3,1.0,1.0,1.0,100.0,100.0,100.0,0.0,92.8,Excellent,CGGCTCCATCGGTGTGTACA,0.8,80.0
blaKPC,282,-,AGCGACGGAATAGTGTATGG,CGG,50.0,82.0,0,0,0,0,0,100.0,3,3,3,3,1.0,1.0,1.0,100.0,100.0,100.0,0.0,92.8,Excellent,AGCGACGGAATAGTGTATGA,0.8,80.0
blaKPC,205,-,AGCGACGGAATAGTGTATGG,CGG,50.0,82.0,0,0,0,0,0,100.0,3,3,3,3,1.0,1.0,1.0,100.0,100.0,100.0,0.0,92.8,Excellent,AGCGACGGAATAGTGTATGA,0.8,80.0
blaKPC,81,-,AGCAGCAGCAGCAACAACGG,CGG,60.0,82.0,0,0,0,0,0,100.0,3,3,3,3,1.0,1.0,1.0,100.0,100.0,100.0,0.0,92.8,Excellent,AGCAGCAGCAGCAACAACGA,0.8,80.0
blaKPC,78,-,AGCAGCAGCAACAACGGCGG,CGG,65.0,82.0,0,0,0,0,0,100.0,3,3,3,3,1.0,1.0,1.0,100.0,100.0,100.0,0.0,92.8,Excellent,AGCAGCAGCAACAACGGCGA,0.8,80.0
blaKPC,38,-,AACAAGGATGACAAGCACAG,CGG,45.0,82.0,0,0,0,0,0,100.0,3,3,3,3,1.0,1.0,1.0,100.0,100.0,100.0,0.0,92.8,Excellent,AACAAGGATGACAAGCACAA,0.8,80.0
blaKPC,44,+,TGCTTGTCATCCTTGTTAGG,CGG,45.0,80.0,0,0,0,0,0,100.0,3,3,3,3,1.0,1.0,1.0,100.0,100.0,100.0,0.0,92.0,Excellent,TGCTTGTCATCCTTGTTAGA,0.8,80.0
blaKPC,47,+,TTGTCATCCTTGTTAGGCGG,CGG,50.0,80.0,0,0,0,0,0,100.0,3,3,3,3,1.0,1.0,1.0,100.0,100.0,100.0,0.0,92.0,Excellent,TTGTCATCCTTGTTAGGCGA,0.8,80.0
blaKPC,83,+,GCCGTTGTTGCTGCTGCTGC,TGG,65.0,80.0,0,0,0,0,0,100.0,3,3,3,3,1.0,1.0,1.0,100.0,100.0,100.0,0.0,92.0,Excellent,GCCGTTGTTGCTGCTGCTGA,0.8,80.0
blaKPC,96,+,CTGCTGCTGGCTGTTGCTGC,TGG,65.0,80.0,0,0,0,0,0,100.0,3,3,3,3,1.0,1.0,1.0,100.0,100.0,100.0,0.0,92.0,Excellent,CTGCTGCTGGCTGTTGCTGA,0.8,80.0
blaKPC,100,+,TGCTGGCTGTTGCTGCTGGC,TGG,65.0,78.0,0,0,0,0,0,100.0,3,3,3,3,1.0,1.0,1.0,100.0,100.0,100.0,0.0,91.2,Excellent,TGCTGGCTGTTGCTGCTGGA,0.8,80.0
blaKPC,107,+,TGTTGCTGCTGGCTGGCTGC,TGG,65.0,78.0,0,0,0,0,0,100.0,3,3,3,3,1.0,1.0,1.0,100.0,100.0,100.0,0.0,91.2,Excellent,TGTTGCTGCTGGCTGGCTGA,0.8,80.0
blaKPC,184,-,GGCGATAACGCCGCCGCCTT,CGG,70.0,78.0,0,0,0,0,0,100.0,3,3,3,3,1.0,1.0,1.0,100.0,100.0,100.0,0.0,91.2,Excellent,GGCGATAACGCCGCCGCCTA,0.8,80.0
blaKPC,84,-,GCCAGCAGCAGCAGCAACAA,CGG,60.0,78.0,0,0,0,0,0,100.0,3,3,3,3,1.0,1.0,1.0,100.0,100.0,100.0,0.0,91.2,Excellent,GCCAGCAGCAGCAGCAACAA,1.0,100.0
blaKPC,54,-,GATAACGCCGCCGCCTAACA,AGG,60.0,78.0,0,0,0,0,0,100.0,3,3,3,3,1.0,1.0,1.0,100.0,100.0,100.0,0.0,91.2,Excellent,GATAACGCCGCCGCCTAACA,1.0,100.0
blaKPC,168,+,TTCAGAGCCTTACTGCCCGA,AGG,55.0,76.0,0,0,0,0,0,100.0,3,3,3,3,1.0,1.0,1.0,100.0,100.0,100.0,0.0,90.4,Excellent,TTCAGAGCCTTACTGCCCGA,1.0,100.0
blaKPC,218,+,TTCCGTCGCTAAACTCGAAC,AGG,50.0,76.0,0,0,0,0,0,100.0,3,3,3,3,1.0,1.0,1.0,100.0,100.0,100.0,0.0,90.4,Excellent,TTCCGTCGCTAAACTCGAAA,0.8,80.0
blaKPC,295,+,TTCCGTCGCTAAACTCGAAC,AGG,50.0,76.0,0,0,0,0,0,100.0,3,3,3,3,1.0,1.0,1.0,100.0,100.0,100.0,0.0,90.4,Excellent,TTCCGTCGCTAAACTCGAAA,0.8,80.0
blaKPC,183,-,GCGATAACGCCGCCGCCTTC,GGG,70.0,75.0,0,0,0,0,0,100.0,3,3,3,3,1.0,1.0,1.0,100.0,100.0,100.0,0.0,90.0,Excellent,GCGATAACGCCGCCGCCTTA,0.8,80.0
blaKPC,297,-,GTCCTGTTCGAGTTTAGCGA,CGG,50.0,70.0,0,0,0,0,0,100.0,3,3,3,3,1.0,1.0,1.0,100.0,100.0,100.0,0.0,88.0,Excellent,GTCCTGTTCGAGTTTAGCGA,1.0,100.0
blaKPC,285,-,TTTAGCGACGGAATAGTGTA,TGG,40.0,70.0,0,0,0,0,0,100.0,3,3,3,3,1.0,1.0,1.0,100.0,100.0,100.0,0.0,88.0,Excellent,TTTAGCGACGGAATAGTGTA,1.0,100.0
blaKPC,220,-,GTCCTGTTCGAGTTTAGCGA,CGG,50.0,70.0,0,0,0,0,0,100.0,3,3,3,3,1.0,1.0,1.0,100.0,100.0,100.0,0.0,88.0,Excellent,GTCCTGTTCGAGTTTAGCGA,1.0,100.0
blaKPC,208,-,TTTAGCGACGGAATAGTGTA,TGG,40.0,70.0,0,0,0,0,0,100.0,3,3,3,3,1.0,1.0,1.0,100.0,100.0,100.0,0.0,88.0,Excellent,TTTAGCGACGGAATAGTGTA,1.0,100.0
blaKPC,14,-,AGCAAGACAGCAGAACTAGA,CGG,45.0,78.0,0,0,1,0,8,85.2,3,3,3,3,1.0,1.0,1.0,100.0,100.0,100.0,0.0,86.8,Excellent,AGCAAGACAGCAGAACTAGA,1.0,100.0
blaKPC,251,+,CTCCATCGGTGTGTACGCGG,CGG,65.0,82.0,0,1,0,0,20,67.0,3,3,3,3,1.0,1.0,1.0,100.0,100.0,100.0,0.0,82.9,Good,CTCCATCGGTGTGTACGCGA,0.8,80.0
blaKPC,225,+,GCTAAACTCGAACAGGACTT,TGG,45.0,80.0,1,0,0,0,50,36.8,3,3,3,3,1.0,1.0,1.0,100.0,100.0,100.0,0.0,73.0,Good,GCTAAACTCGAACAGGACTA,0.8,80.0
blaKPC,302,+,GCTAAACTCGAACAGGACTT,TGG,45.0,80.0,1,0,0,0,50,36.8,3,3,3,3,1.0,1.0,1.0,100.0,100.0,100.0,0.0,73.0,Good,GCTAAACTCGAACAGGACTA,0.8,80.0
blaKPC,41,+,CTGTGCTTGTCATCCTTGTT,AGG,45.0,78.0,1,0,0,0,50,36.8,3,3,3,3,1.0,1.0,1.0,100.0,100.0,100.0,0.0,72.2,Good,CTGTGCTTGTCATCCTTGTA,0.8,80.0
blaKPC,228,+,AAACTCGAACAGGACTTTGG,CGG,45.0,74.0,1,0,0,0,50,36.8,3,3,3,3,1.0,1.0,1.0,100.0,100.0,100.0,0.0,70.6,Good,AAACTCGAACAGGACTTTGA,0.8,80.0
blaKPC,305,+,AAACTCGAACAGGACTTTGG,CGG,45.0,74.0,1,0,0,0,50,36.8,3,3,3,3,1.0,1.0,1.0,100.0,100.0,100.0,0.0,70.6,Good,AAACTCGAACAGGACTTTGA,0.8,80.0
blaKPC,237,+,CAGGACTTTGGCGGCTCCAT,CGG,60.0,70.0,1,0,0,0,50,36.8,3,3,3,3,1.0,1.0,1.0,100.0,100.0,100.0,0.0,69.0,Moderate,CAGGACTTTGGCGGCTCCAA,0.8,80.0
blaKPC,314,+,CAGGACTTTGGCGGCTCCAT,CGG,60.0,70.0,1,0,0,0,50,36.8,3,3,3,3,1.0,1.0,1.0,100.0,100.0,100.0,0.0,69.0,Moderate,CAGGACTTTGGCGGCTCCAA,0.8,80.0
blaNDM1,221,+,AATGGTTCGGTATGCGGGCG,TGG,60.0,84.0,0,0,0,0,0,100.0,3,3,3,3,1.0,1.0,1.0,100.0,100.0,100.0,0.0,93.6,Excellent,AATGGTTCGGTATGCGGGCA,0.8,80.0
blaNDM1,308,+,AATGGTTCGGTATGCGGGCG,TGG,60.0,84.0,0,0,0,0,0,100.0,3,3,3,3,1.0,1.0,1.0,100.0,100.0,100.0,0.0,93.6,Excellent,AATGGTTCGGTATGCGGGCA,0.8,80.0
blaNDM1,51,+,GCCGCTGCATTGATGCTGAG,CGG,60.0,82.0,0,0,0,0,0,100.0,3,3,3,3,1.0,1.0,1.0,100.0,100.0,100.0,0.0,92.8,Excellent,GCCGCTGCATTGATGCTGAA,0.8,80.0
blaNDM1,77,+,CCCGCTGCATTGATGCTGAG,CGG,60.0,82.0,0,0,0,0,0,100.0,3,3,3,3,1.0,1.0,1.0,100.0,100.0,100.0,0.0,92.8,Excellent,CCCGCTGCATTGATGCTGAA,0.8,80.0
blaNDM1,215,+,ACGCCCAATGGTTCGGTATG,CGG,55.0,82.0,0,0,0,0,0,100.0,3,3,3,3,1.0,1.0,1.0,100.0,100.0,100.0,0.0,92.8,Excellent,ACGCCCAATGGTTCGGTATA,0.8,80.0
blaNDM1,302,+,ACGCCCAATGGTTCGGTATG,CGG,55.0,82.0,0,0,0,0,0,100.0,3,3,3,3,1.0,1.0,1.0,100.0,100.0,100.0,0.0,92.8,Excellent,ACGCCCAATGGTTCGGTATA,0.8,80.0
blaNDM1,290,-,CCATTGGGCGTTGGTCACGG,CGG,65.0,82.0,0,0,0,0,0,100.0,3,3,3,3,1.0,1.0,1.0,100.0,100.0,100.0,0.0,92.8,Excellent,CCATTGGGCGTTGGTCACGA,0.8,80.0
blaNDM1,203,-,CCATTGGGCGTTGGTCACGG,CGG,65.0,82.0,0,0,0,0,0,100.0,3,3,3,3,1.0,1.0,1.0,100.0,100.0,100.0,0.0,92.8,Excellent,CCATTGGGCGTTGGTCACGA,0.8,80.0
blaNDM1,104,-,GATCGCCAGCATCAATGCAG,CGG,55.0,82.0,0,0,0,0,0,100.0,3,3,3,3,1.0,1.0,1.0,100.0,100.0,100.0,0.0,92.8,Excellent,GATCGCCAGCATCAATGCAA,0.8,80.0
blaNDM1,78,-,CCCGCTCAGCATCAATGCAG,CGG,60.0,82.0,0,0,0,0,0,100.0,3,3,3,3,1.0,1.0,1.0,100.0,100.0,100.0,0.0,92.8,Excellent,CCCGCTCAGCATCAATGCAA,0.8,80.0
blaNDM1,52,-,CCCGCTCAGCATCAATGCAG,CGG,60.0,82.0,0,0,0,0,0,100.0,3,3,3,3,1.0,1.0,1.0,100.0,100.0,100.0,0.0,92.8,Excellent,CCCGCTCAGCATCAATGCAA,0.8,80.0
blaNDM1,43,-,CATCAATGCAGCGGCTAATG,CGG,50.0,82.0,0,0,0,0,0,100.0,3,3,3,3,1.0,1.0,1.0,100.0,100.0,100.0,0.0,92.8,Excellent,CATCAATGCAGCGGCTAATA,0.8,80.0
blaNDM1,99,+,GGTGCCCGCTGCATTGATGC,TGG,65.0,80.0,0,0,0,0,0,100.0,3,3,3,3,1.0,1.0,1.0,100.0,100.0,100.0,0.0,92.0,Excellent,GGTGCCCGCTGCATTGATGA,0.8,80.0
blaNDM1,107,+,CTGCATTGATGCTGGCGATC,TGG,55.0,80.0,0,0,0,0,0,100.0,3,3,3,3,1.0,1.0,1.0,100.0,100.0,100.0,0.0,92.0,Excellent,CTGCATTGATGCTGGCGATA,0.8,80.0
blaNDM1,203,+,CCGCCGTGACCAACGCCCAA,TGG,70.0,80.0,0,0,0,0,0,100.0,3,3,3,3,1.0,1.0,1.0,100.0,100.0,100.0,0.0,92.0,Excellent,CCGCCGTGACCAACGCCCAA,1.0,100.0
blaNDM1,229,+,GGTATGCGGGCGTGGCGATC,TGG,70.0,80.0,0,0,0,0,0,100.0,3,3,3,3,1.0,1.0,1.0,100.0,100.0,100.0,0.0,92.0,Excellent,GGTATGCGGGCGTGGCGATA,0.8,80.0
blaNDM1,290,+,CCGCCGTGACCAACGCCCAA,TGG,70.0,80.0,0,0,0,0,0,100.0,3,3,3,3,1.0,1.0,1.0,100.0,100.0,100.0,0.0,92.0,Excellent,CCGCCGTGACCAACGCCCAA,1.0,100.0
blaNDM1,306,-,ACGCCCGCATACCGAACCAT,TGG,60.0,80.0,0,0,0,0,0,100.0,3,3,3,3,1.0,1.0,1.0,100.0,100.0,100.0,0.0,92.0,Excellent,ACGCCCGCATACCGAACCAA,0.8,80.0
blaNDM1,299,-,CATACCGAACCATTGGGCGT,TGG,55.0,80.0,0,0,0,0,0,100.0,3,3,3,3,1.0,1.0,1.0,100.0,100.0,100.0,0.0,92.0,Excellent,CATACCGAACCATTGGGCGA,0.8,80.0
blaNDM1,219,-,ACGCCCGCATACCGAACCAT,TGG,60.0,80.0,0,0,0,0,0,100.0,3,3,3,3,1.0,1.0,1.0,100.0,100.0,100.0,0.0,92.0,Excellent,ACGCCCGCATACCGAACCAA,0.8,80.0
blaNDM1,212,-,CATACCGAACCATTGGGCGT,TGG,55.0,80.0,0,0,0,0,0,100.0,3,3,3,3,1.0,1.0,1.0,100.0,100.0,100.0,0.0,92.0,Excellent,CATACCGAACCATTGGGCGA,0.8,80.0
blaNDM1,10,-,CGCGACCGGGTGCATAATAT,TGG,55.0,80.0,0,0,0,0,0,100.0,3,3,3,3,1.0,1.0,1.0,100.0,100.0,100.0,0.0,92.0,Excellent,CGCGACCGGGTGCATAATAA,0.8,80.0
blaNDM1,5,+,ATTGCCCAATATTATGCACC,CGG,40.0,78.0,0,0,0,0,0,100.0,3,3,3,3,1.0,1.0,1.0,100.0,100.0,100.0,0.0,91.2,Excellent,ATTGCCCAATATTATGCACA,0.8,80.0
blaNDM1,180,+,CACTTCCTATCTCGACATGC,CGG,50.0,78.0,0,0,0,0,0,100.0,3,3,3,3,1.0,1.0,1.0,100.0,100.0,100.0,0.0,91.2,Excellent,CACTTCCTATCTCGACATGA,0.8,80.0
blaNDM1,208,+,GTGACCAACGCCCAATGGTT,CGG,55.0,78.0,0,0,0,0,0,100.0,3,3,3,3,1.0,1.0,1.0,100.0,100.0,100.0,0.0,91.2,Excellent,GTGACCAACGCCCAATGGTA,0.8,80.0
blaNDM1,267,+,CACTTCCTATCTCGACATGC,CGG,50.0,78.0,0,0,0,0,0,100.0,3,3,3,3,1.0,1.0,1.0,100.0,100.0,100.0,0.0,91.2,Excellent,CACTTCCTATCTCGACATGA,0.8,80.0
blaNDM1,295,+,GTGACCAACGCCCAATGGTT,CGG,55.0,78.0,0,0,0,0,0,100.0,3,3,3,3,1.0,1.0,1.0,100.0,100.0,100.0,0.0,91.2,Excellent,GTGACCAACGCCCAATGGTA,0.8,80.0
blaNDM1,293,-,GAACCATTGGGCGTTGGTCA,CGG,55.0,78.0,0,0,0,0,0,100.0,3,3,3,3,1.0,1.0,1.0,100.0,100.0,100.0,0.0,91.2,Excellent,GAACCATTGGGCGTTGGTCA,1.0,100.0
blaNDM1,272,-,GGCGGCCGGCATGTCGAGAT,AGG,70.0,78.0,0,0,0,0,0,100.0,3,3,3,3,1.0,1.0,1.0,100.0,100.0,100.0,0.0,91.2,Excellent,GGCGGCCGGCATGTCGAGAA,0.8,80.0
blaNDM1,206,-,GAACCATTGGGCGTTGGTCA,CGG,55.0,78.0,0,0,0,0,0,100.0,3,3,3,3,1.0,1.0,1.0,100.0,100.0,100.0,0.0,91.2,Excellent,GAACCATTGGGCGTTGGTCA,1.0,100.0
blaNDM1,185,-,GGCGGCCGGCATGTCGAGAT,AGG,70.0,78.0,0,0,0,0,0,100.0,3,3,3,3,1.0,1.0,1.0,100.0,100.0,100.0,0.0,91.2,Excellent,GGCGGCCGGCATGTCGAGAA,0.8,80.0
blaNDM1,24,-,GCGGTGCTCAGCTTCGCGAC,CGG,70.0,78.0,0,0,0,0,0,100.0,3,3,3,3,1.0,1.0,1.0,100.0,100.0,100.0,0.0,91.2,Excellent,GCGGTGCTCAGCTTCGCGAA,0.8,80.0
blaNDM1,52,+,CCGCTGCATTGATGCTGAGC,GGG,60.0,75.0,0,0,0,0,0,100.0,3,3,3,3,1.0,1.0,1.0,100.0,100.0,100.0,0.0,90.0,Excellent,CCGCTGCATTGATGCTGAGA,0.8,80.0
blaNDM1,78,+,CCGCTGCATTGATGCTGAGC,GGG,60.0,75.0,0,0,0,0,0,100.0,3,3,3,3,1.0,1.0,1.0,100.0,100.0,100.0,0.0,90.0,Excellent,CCGCTGCATTGATGCTGAGA,0.8,80.0
blaNDM1,216,+,CGCCCAATGGTTCGGTATGC,GGG,60.0,75.0,0,0,0,0,0,100.0,3,3,3,3,1.0,1.0,1.0,100.0,100.0,100.0,0.0,90.0,Excellent,CGCCCAATGGTTCGGTATGA,0.8,80.0
blaNDM1,303,+,CGCCCAATGGTTCGGTATGC,GGG,60.0,75.0,0,0,0,0,0,100.0,3,3,3,3,1.0,1.0,1.0,100.0,100.0,100.0,0.0,90.0,Excellent,CGCCCAATGGTTCGGTATGA,0.8,80.0
blaNDM1,305,-,CGCCCGCATACCGAACCATT,GGG,60.0,75.0,0,0,0,0,0,100.0,3,3,3,3,1.0,1.0,1.0,100.0,100.0,100.0,0.0,90.0,Excellent,CGCCCGCATACCGAACCATA,0.8,80.0
blaNDM1,218,-,CGCCCGCATACCGAACCATT,GGG,60.0,75.0,0,0,0,0,0,100.0,3,3,3,3,1.0,1.0,1.0,100.0,100.0,100.0,0.0,90.0,Excellent,CGCCCGCATACCGAACCATA,0.8,80.0
blaNDM1,103,-,ATCGCCAGCATCAATGCAGC,GGG,55.0,75.0,0,0,0,0,0,100.0,3,3,3,3,1.0,1.0,1.0,100.0,100.0,100.0,0.0,90.0,Excellent,ATCGCCAGCATCAATGCAGA,0.8,80.0
blaNDM1,77,-,CCGCTCAGCATCAATGCAGC,GGG,60.0,75.0,0,0,0,0,0,100.0,3,3,3,3,1.0,1.0,1.0,100.0,100.0,100.0,0.0,90.0,Excellent,CCGCTCAGCATCAATGCAGA,0.8,80.0
blaNDM1,23,-,CGGTGCTCAGCTTCGCGACC,GGG,70.0,75.0,0,0,0,0,0,100.0,3,3,3,3,1.0,1.0,1.0,100.0,100.0,100.0,0.0,90.0,Excellent,CGGTGCTCAGCTTCGCGACA,0.8,80.0
blaNDM1,9,-,GCGACCGGGTGCATAATATT,GGG,50.0,75.0,0,0,0,0,0,100.0,3,3,3,3,1.0,1.0,1.0,100.0,100.0,100.0,0.0,90.0,Excellent,GCGACCGGGTGCATAATATA,0.8,80.0
blaNDM1,239,+,CGTGGCGATCTGGTTTTCGA,TGG,55.0,60.0,0,0,0,0,0,100.0,3,3,3,3,1.0,1.0,1.0,100.0,100.0,100.0,0.0,84.0,Good,CGTGGCGATCTGGTTTTCGA,1.0,100.0
blaNDM1,119,+,TGGCGATCTGGTTTTCGATC,TGG,50.0,58.0,0,0,0,0,0,100.0,3,3,3,3,1.0,1.0,1.0,100.0,100.0,100.0,0.0,83.2,Good,TGGCGATCTGGTTTTCGATA,0.8,80.0
blaNDM1,131,+,TTTCGATCTGGTTTTCGATC,TGG,40.0,58.0,0,0,0,0,0,100.0,3,3,3,3,1.0,1.0,1.0,100.0,100.0,100.0,0.0,83.2,Good,TTTCGATCTGGTTTTCGATA,0.8,80.0
blaNDM1,143,+,TTTCGATCTGGTTTTCGATC,TGG,40.0,58.0,0,0,0,0,0,100.0,3,3,3,3,1.0,1.0,1.0,100.0,100.0,100.0,0.0,83.2,Good,TTTCGATCTGGTTTTCGATA,0.8,80.0
mcr1,104,+,CTGCTGCTGGCTGCTGCTGG,CGG,70.0,82.0,0,0,0,0,0,100.0,3,3,3,3,1.0,1.0,1.0,100.0,100.0,100.0,0.0,92.8,Excellent,CTGCTGCTGGCTGCTGCTGA,0.8,80.0
mcr1,220,+,TCGCCGGTGCTGCTGGTCAG,TGG,70.0,82.0,0,0,0,0,0,100.0,3,3,3,3,1.0,1.0,1.0,100.0,100.0,100.0,0.0,92.8,Excellent,TCGCCGGTGCTGCTGGTCAA,0.8,80.0
mcr1,27,+,CGACGCCGTTCTTCTGGTAC,TGG,60.0,80.0,0,0,0,0,0,100.0,3,3,3,3,1.0,1.0,1.0,100.0,100.0,100.0,0.0,92.0,Excellent,CGACGCCGTTCTTCTGGTAA,0.8,80.0
mcr1,31,+,GCCGTTCTTCTGGTACTGGA,TGG,55.0,80.0,0,0,0,0,0,100.0,3,3,3,3,1.0,1.0,1.0,100.0,100.0,100.0,0.0,92.0,Excellent,GCCGTTCTTCTGGTACTGGA,1.0,100.0
mcr1,52,+,GGTGCCGTTGCTGCTGCTGC,TGG,70.0,80.0,0,0,0,0,0,100.0,3,3,3,3,1.0,1.0,1.0,100.0,100.0,100.0,0.0,92.0,Excellent,GGTGCCGTTGCTGCTGCTGA,0.8,80.0
mcr1,91,+,GGTGCTGCTGCTGCTGCTGC,TGG,70.0,80.0,0,0,0,0,0,100.0,3,3,3,3,1.0,1.0,1.0,100.0,100.0,100.0,0.0,92.0,Excellent,GGTGCTGCTGCTGCTGCTGA,0.8,80.0
mcr1,101,+,CTGCTGCTGCTGGCTGCTGC,TGG,70.0,80.0,0,0,0,0,0,100.0,3,3,3,3,1.0,1.0,1.0,100.0,100.0,100.0,0.0,92.0,Excellent,CTGCTGCTGCTGGCTGCTGA,0.8,80.0
mcr1,131,+,GCTGCTGCTGGCTATGCTGC,TGG,65.0,80.0,0,0,0,0,0,100.0,3,3,3,3,1.0,1.0,1.0,100.0,100.0,100.0,0.0,92.0,Excellent,GCTGCTGCTGGCTATGCTGA,0.8,80.0
mcr1,150,+,CTGGTTATCGCCGGTGCTGC,TGG,65.0,80.0,0,0,0,0,0,100.0,3,3,3,3,1.0,1.0,1.0,100.0,100.0,100.0,0.0,92.0,Excellent,CTGGTTATCGCCGGTGCTGA,0.8,80.0
mcr1,171,+,GGTGCTATCGCCGGTGCTGC,TGG,70.0,80.0,0,0,0,0,0,100.0,3,3,3,3,1.0,1.0,1.0,100.0,100.0,100.0,0.0,92.0,Excellent,GGTGCTATCGCCGGTGCTGA,0.8,80.0
mcr1,192,+,GGTGCTATCGCCGGTGCTGC,TGG,70.0,80.0,0,0,0,0,0,100.0,3,3,3,3,1.0,1.0,1.0,100.0,100.0,100.0,0.0,92.0,Excellent,GGTGCTATCGCCGGTGCTGA,0.8,80.0
mcr1,213,+,GGTGCTATCGCCGGTGCTGC,TGG,70.0,80.0,0,0,0,0,0,100.0,3,3,3,3,1.0,1.0,1.0,100.0,100.0,100.0,0.0,92.0,Excellent,GGTGCTATCGCCGGTGCTGA,0.8,80.0
mcr1,241,+,GGCTGTGCCGTGTTCGGTGC,TGG,70.0,80.0,0,0,0,0,0,100.0,3,3,3,3,1.0,1.0,1.0,100.0,100.0,100.0,0.0,92.0,Excellent,GGCTGTGCCGTGTTCGGTGA,0.8,80.0
mcr1,255,+,CGGTGCTGGTATCGCCGTGC,TGG,70.0,80.0,0,0,0,0,0,100.0,3,3,3,3,1.0,1.0,1.0,100.0,100.0,100.0,0.0,92.0,Excellent,CGGTGCTGGTATCGCCGTGA,0.8,80.0
mcr1,258,+,TGCTGGTATCGCCGTGCTGG,CGG,65.0,80.0,0,0,0,0,0,100.0,3,3,3,3,1.0,1.0,1.0,100.0,100.0,100.0,0.0,92.0,Excellent,TGCTGGTATCGCCGTGCTGA,0.8,80.0
mcr1,21,+,TGGTACCGACGCCGTTCTTC,TGG,60.0,78.0,0,0,0,0,0,100.0,3,3,3,3,1.0,1.0,1.0,100.0,100.0,100.0,0.0,91.2,Excellent,TGGTACCGACGCCGTTCTTA,0.8,80.0
mcr1,141,+,GCTATGCTGCTGGTTATCGC,CGG,55.0,78.0,0,0,0,0,0,100.0,3,3,3,3,1.0,1.0,1.0,100.0,100.0,100.0,0.0,91.2,Excellent,GCTATGCTGCTGGTTATCGA,0.8,80.0
mcr1,162,+,GGTGCTGCTGGTGCTATCGC,CGG,65.0,78.0,0,0,0,0,0,100.0,3,3,3,3,1.0,1.0,1.0,100.0,100.0,100.0,0.0,91.2,Excellent,GGTGCTGCTGGTGCTATCGA,0.8,80.0
mcr1,183,+,GGTGCTGCTGGTGCTATCGC,CGG,65.0,78.0,0,0,0,0,0,100.0,3,3,3,3,1.0,1.0,1.0,100.0,100.0,100.0,0.0,91.2,Excellent,GGTGCTGCTGGTGCTATCGA,0.8,80.0
mcr1,204,+,GGTGCTGCTGGTGCTATCGC,CGG,65.0,78.0,0,0,0,0,0,100.0,3,3,3,3,1.0,1.0,1.0,100.0,100.0,100.0,0.0,91.2,Excellent,GGTGCTGCTGGTGCTATCGA,0.8,80.0
mcr1,235,+,GTCAGTGGCTGTGCCGTGTT,CGG,60.0,78.0,0,0,0,0,0,100.0,3,3,3,3,1.0,1.0,1.0,100.0,100.0,100.0,0.0,91.2,Excellent,GTCAGTGGCTGTGCCGTGTA,0.8,80.0
mcr1,285,+,TCTGGTGGTGCTGGTGGTGC,TGG,65.0,78.0,0,0,0,0,0,100.0,3,3,3,3,1.0,1.0,1.0,100.0,100.0,100.0,0.0,91.2,Excellent,TCTGGTGGTGCTGGTGGTGA,0.8,80.0
mcr1,269,-,CACCAGATAAACCGCCAGCA,CGG,55.0,78.0,0,0,0,0,0,100.0,3,3,3,3,1.0,1.0,1.0,100.0,100.0,100.0,0.0,91.2,Excellent,CACCAGATAAACCGCCAGCA,1.0,100.0
mcr1,248,-,GGCGATACCAGCACCGAACA,CGG,60.0,78.0,0,0,0,0,0,100.0,3,3,3,3,1.0,1.0,1.0,100.0,100.0,100.0,0.0,91.2,Excellent,GGCGATACCAGCACCGAACA,1.0,100.0
mcr1,223,-,CAGCCACTGACCAGCAGCAC,CGG,65.0,78.0,0,0,0,0,0,100.0,3,3,3,3,1.0,1.0,1.0,100.0,100.0,100.0,0.0,91.2,Excellent,CAGCCACTGACCAGCAGCAA,0.8,80.0
mcr1,202,-,GGCGATAGCACCAGCAGCAC,CGG,65.0,78.0,0,0,0,0,0,100.0,3,3,3,3,1.0,1.0,1.0,100.0,100.0,100.0,0.0,91.2,Excellent,GGCGATAGCACCAGCAGCAA,0.8,80.0
mcr1,181,-,GGCGATAGCACCAGCAGCAC,CGG,65.0,78.0,0,0,0,0,0,100.0,3,3,3,3,1.0,1.0,1.0,100.0,100.0,100.0,0.0,91.2,Excellent,GGCGATAGCACCAGCAGCAA,0.8,80.0
mcr1,160,-,GGCGATAGCACCAGCAGCAC,CGG,65.0,78.0,0,0,0,0,0,100.0,3,3,3,3,1.0,1.0,1.0,100.0,100.0,100.0,0.0,91.2,Excellent,GGCGATAGCACCAGCAGCAA,0.8,80.0
mcr1,56,-,ATAACCAGCAGCAGCAGCAA,CGG,50.0,78.0,0,0,0,0,0,100.0,3,3,3,3,1.0,1.0,1.0,100.0,100.0,100.0,0.0,91.2,Excellent,ATAACCAGCAGCAGCAGCAA,1.0,100.0
mcr1,32,-,ACCATCCAGTACCAGAAGAA,CGG,45.0,78.0,0,0,0,0,0,100.0,3,3,3,3,1.0,1.0,1.0,100.0,100.0,100.0,0.0,91.2,Excellent,ACCATCCAGTACCAGAAGAA,1.0,100.0
mcr1,26,-,CAGTACCAGAAGAACGGCGT,CGG,55.0,78.0,0,0,0,0,0,100.0,3,3,3,3,1.0,1.0,1.0,100.0,100.0,100.0,0.0,91.2,Excellent,CAGTACCAGAAGAACGGCGA,0.8,80.0
mcr1,270,+,CGTGCTGGCGGTTTATCTGG,TGG,60.0,76.0,0,0,0,0,0,100.0,3,3,3,3,1.0,1.0,1.0,100.0,100.0,100.0,0.0,90.4,Excellent,CGTGCTGGCGGTTTATCTGA,0.8,80.0
mcr1,279,+,GGTTTATCTGGTGGTGCTGG,TGG,55.0,76.0,0,0,0,0,0,100.0,3,3,3,3,1.0,1.0,1.0,100.0,100.0,100.0,0.0,90.4,Excellent,GGTTTATCTGGTGGTGCTGA,0.8,80.0
mcr1,306,+,GGTTTCGGTGCCGTGATCGG,TGG,65.0,76.0,0,0,0,0,0,100.0,3,3,3,3,1.0,1.0,1.0,100.0,100.0,100.0,0.0,90.4,Excellent,GGTTTCGGTGCCGTGATCGA,0.8,80.0
mcr1,70,+,GCTGGTTATGCGTTTGCTGC,TGG,55.0,72.0,0,0,0,0,0,100.0,3,3,3,3,1.0,1.0,1.0,100.0,100.0,100.0,0.0,88.8,Excellent,GCTGGTTATGCGTTTGCTGA,0.8,80.0
mcr1,267,+,CGCCGTGCTGGCGGTTTATC,TGG,65.0,72.0,0,0,0,0,0,100.0,3,3,3,3,1.0,1.0,1.0,100.0,100.0,100.0,0.0,88.8,Excellent,CGCCGTGCTGGCGGTTTATA,0.8,80.0
mcr1,276,+,GGCGGTTTATCTGGTGGTGC,TGG,60.0,72.0,0,0,0,0,0,100.0,3,3,3,3,1.0,1.0,1.0,100.0,100.0,100.0,0.0,88.8,Excellent,GGCGGTTTATCTGGTGGTGA,0.8,80.0
mcr1,291,+,GGTGCTGGTGGTGCTGGTTT,CGG,60.0,70.0,0,0,0,0,0,100.0,3,3,3,3,1.0,1.0,1.0,100.0,100.0,100.0,0.0,88.0,Excellent,GGTGCTGGTGGTGCTGGTTA,0.8,80.0
mcr1,303,+,GCTGGTTTCGGTGCCGTGAT,CGG,60.0,70.0,0,0,0,0,0,100.0,3,3,3,3,1.0,1.0,1.0,100.0,100.0,100.0,0.0,88.0,Excellent,GCTGGTTTCGGTGCCGTGAA,0.8,80.0
mcr1,312,+,GGTGCCGTGATCGGTGGTGC,TGG,70.0,80.0,0,0,0,0,0,100.0,3,2,3,3,0.6667,1.0,1.0,83.1,90.0,70.0,14.14,86.9,Excellent,GGTGCCGTGATCGGTGGTGA,0.8,80.0
mcr1,316,-,TTAACCAGCACCACCGATCA,CGG,50.0,76.0,0,0,0,0,0,100.0,3,1,3,3,0.3333,1.0,1.0,78.1,80.0,70.0,14.14,83.8,Good,TTAACCAGCACCACCGATCA,1.0,100.0
mcr1,1,+,TGATGCAGCATACTTCTGTG,TGG,45.0,82.0,1,0,0,0,50,36.8,3,3,3,3,1.0,1.0,1.0,100.0,100.0,100.0,0.0,73.8,Good,TGATGCAGCATACTTCTGTA,0.8,80.0
mecA,56,+,ACTGAACGTCCGATAAAGGT,TGG,45.0,80.0,0,0,0,0,0,100.0,3,3,3,3,1.0,1.0,1.0,100.0,100.0,100.0,0.0,92.0,Excellent,ACTGAACGTCCGATAAAGGA,0.8,80.0
mecA,107,+,AACGCTGCTGCTATCGGTGC,TGG,60.0,80.0,0,0,0,0,0,100.0,3,3,3,3,1.0,1.0,1.0,100.0,100.0,100.0,0.0,92.0,Excellent,AACGCTGCTGCTATCGGTGA,0.8,80.0
mecA,128,+,GGTGCTGCTGCTATCGGTGC,TGG,65.0,80.0,0,0,0,0,0,100.0,3,3,3,3,1.0,1.0,1.0,100.0,100.0,100.0,0.0,92.0,Excellent,GGTGCTGCTGCTATCGGTGA,0.8,80.0
mecA,149,+,GGTGCTGCTGCTATCGGTGC,TGG,65.0,80.0,0,0,0,0,0,100.0,3,3,3,3,1.0,1.0,1.0,100.0,100.0,100.0,0.0,92.0,Excellent,GGTGCTGCTGCTATCGGTGA,0.8,80.0
mecA,170,+,GGTGCTGCTGCTATCGGTGC,TGG,65.0,80.0,0,0,0,0,0,100.0,3,3,3,3,1.0,1.0,1.0,100.0,100.0,100.0,0.0,92.0,Excellent,GGTGCTGCTGCTATCGGTGA,0.8,80.0
mecA,191,+,GGTGCTGCTGCTATCGGTGC,TGG,65.0,80.0,0,0,0,0,0,100.0,3,3,3,3,1.0,1.0,1.0,100.0,100.0,100.0,0.0,92.0,Excellent,GGTGCTGCTGCTATCGGTGA,0.8,80.0
mecA,212,+,GGTGCTGCTGCTATCGGTGC,TGG,65.0,80.0,0,0,0,0,0,100.0,3,3,3,3,1.0,1.0,1.0,100.0,100.0,100.0,0.0,92.0,Excellent,GGTGCTGCTGCTATCGGTGA,0.8,80.0
mecA,233,+,GGTGCTGCTGCTATCGGTGC,TGG,65.0,80.0,0,0,0,0,0,100.0,3,3,3,3,1.0,1.0,1.0,100.0,100.0,100.0,0.0,92.0,Excellent,GGTGCTGCTGCTATCGGTGA,0.8,80.0
mecA,254,+,GGTGCTGCTGCTATCGGTGC,TGG,65.0,80.0,0,0,0,0,0,100.0,3,3,3,3,1.0,1.0,1.0,100.0,100.0,100.0,0.0,92.0,Excellent,GGTGCTGCTGCTATCGGTGA,0.8,80.0
mecA,278,+,GCTGCTGCTGTTGCTGATGC,TGG,60.0,80.0,0,0,0,0,0,100.0,3,3,3,3,1.0,1.0,1.0,100.0,100.0,100.0,0.0,92.0,Excellent,GCTGCTGCTGTTGCTGATGA,0.8,80.0
mecA,293,+,GATGCTGGTGCTATCGGTGC,TGG,60.0,80.0,0,0,0,0,0,100.0,3,3,3,3,1.0,1.0,1.0,100.0,100.0,100.0,0.0,92.0,Excellent,GATGCTGGTGCTATCGGTGA,0.8,80.0
mecA,82,+,TGCTGCTATCGTTGCTGCTA,TGG,50.0,78.0,0,0,0,0,0,100.0,3,3,3,3,1.0,1.0,1.0,100.0,100.0,100.0,0.0,91.2,Excellent,TGCTGCTATCGTTGCTGCTA,1.0,100.0
mecA,101,+,ATGGTTAACGCTGCTGCTAT,CGG,45.0,78.0,0,0,0,0,0,100.0,3,3,3,3,1.0,1.0,1.0,100.0,100.0,100.0,0.0,91.2,Excellent,ATGGTTAACGCTGCTGCTAA,0.8,80.0
mecA,122,+,GGTGCTGGTGCTGCTGCTAT,CGG,60.0,78.0,0,0,0,0,0,100.0,3,3,3,3,1.0,1.0,1.0,100.0,100.0,100.0,0.0,91.2,Excellent,GGTGCTGGTGCTGCTGCTAA,0.8,80.0
mecA,143,+,GGTGCTGGTGCTGCTGCTAT,CGG,60.0,78.0,0,0,0,0,0,100.0,3,3,3,3,1.0,1.0,1.0,100.0,100.0,100.0,0.0,91.2,Excellent,GGTGCTGGTGCTGCTGCTAA,0.8,80.0
mecA,164,+,GGTGCTGGTGCTGCTGCTAT,CGG,60.0,78.0,0,0,0,0,0,100.0,3,3,3,3,1.0,1.0,1.0,100.0,100.0,100.0,0.0,91.2,Excellent,GGTGCTGGTGCTGCTGCTAA,0.8,80.0
mecA,185,+,GGTGCTGGTGCTGCTGCTAT,CGG,60.0,78.0,0,0,0,0,0,100.0,3,3,3,3,1.0,1.0,1.0,100.0,100.0,100.0,0.0,91.2,Excellent,GGTGCTGGTGCTGCTGCTAA,0.8,80.0
mecA,206,+,GGTGCTGGTGCTGCTGCTAT,CGG,60.0,78.0,0,0,0,0,0,100.0,3,3,3,3,1.0,1.0,1.0,100.0,100.0,100.0,0.0,91.2,Excellent,GGTGCTGGTGCTGCTGCTAA,0.8,80.0
mecA,227,+,GGTGCTGGTGCTGCTGCTAT,CGG,60.0,78.0,0,0,0,0,0,100.0,3,3,3,3,1.0,1.0,1.0,100.0,100.0,100.0,0.0,91.2,Excellent,GGTGCTGGTGCTGCTGCTAA,0.8,80.0
mecA,248,+,GGTGCTGGTGCTGCTGCTAT,CGG,60.0,78.0,0,0,0,0,0,100.0,3,3,3,3,1.0,1.0,1.0,100.0,100.0,100.0,0.0,91.2,Excellent,GGTGCTGGTGCTGCTGCTAA,0.8,80.0
mecA,287,+,GTTGCTGATGCTGGTGCTAT,CGG,50.0,78.0,0,0,0,0,0,100.0,3,3,3,3,1.0,1.0,1.0,100.0,100.0,100.0,0.0,91.2,Excellent,GTTGCTGATGCTGGTGCTAA,0.8,80.0
mecA,52,+,TATGACTGAACGTCCGATAA,AGG,40.0,76.0,0,0,0,0,0,100.0,3,3,3,3,1.0,1.0,1.0,100.0,100.0,100.0,0.0,90.4,Excellent,TATGACTGAACGTCCGATAA,1.0,100.0
mecA,65,-,GCAGCAATGCCAACCTTTAT,CGG,45.0,70.0,0,0,0,0,0,100.0,3,3,3,3,1.0,1.0,1.0,100.0,100.0,100.0,0.0,88.0,Excellent,GCAGCAATGCCAACCTTTAA,0.8,80.0
