name	start	end	strand	type	seq	sgrna_seq	promoter	score_crisprscan	score_doench	offtarget_number_all	offtarget_number_seed	offtarget_number_cfd	offtarget_cfd_score	offtarget_list_cfd	offtarget_type_cfd	offtarget_cfd_score_list
yourseq	14	37	-	gG18NGG	AGCAAGACAGCAGAACTAGACGG	GGCAAGACAGCAGAACTAGA	t7	34	19	0	0	380	17.348267	5:11479227[X.X..X.........X....]+,14:25005172[....X.......X..X...X]-,15:19365545[X....X......X...X...]-,KN150495.1:7820[....XX.X.......X....]-,KN150495.1:7855[....XX.X.......X....]-,9:30301731[..X..X.X.X..........]+,12:17430610[X....X...X...X......]+,5:52626015[...X.X...X......X...]-,21:12345427[X....X...X...X......]-,24:11830813[X....X...X...X......]+,4:29157588[X....X...X...X......]-,2:55905727[X....X...X...X......]-,8:22411544[X....X...X...X......]+,11:1161611[X....X...X...X......]-,4:20285240[X....X...X...X......]+,4:20281428[X....X...X...X......]+,18:35704325[X....X...X...X......]-,13:33757989[X....X...X...X......]+,6:54231860[X....X...X...X......]-,6:54235140[X....X...X...X......]-,9:48102868[X....X...X...X......]+,KN149683.1:128509[X....X...X...X......]-,15:6765872[X....X...X...X......]-,18:35700932[X....X...X...X......]-,14:43376340[X....X...X...X......]-,25:24728008[X....X...X...X......]-,2:8479126[X....X...X...X......]-,13:19205128[X........X......X...]+,3:9005988[..X..X.....X........]-,23:18964093[.......X..XX.X......]+	,,,,,,,,,,,,,,,,,,,,,,,,,,,,,	0.69,0.51,0.44,0.32,0.32,0.30,0.30,0.28,0.27,0.27,0.27,0.27,0.27,0.27,0.27,0.27,0.27,0.27,0.27,0.27,0.27,0.27,0.27,0.27,0.27,0.27,0.27,0.25,0.23,0.19
yourseq	44	67	+	gG18NGG	TGCTTGTCATCCTTGTTAGGCGG	GGCTTGTCATCCTTGTTAGG	t7	54	48	0	0	163	5.1946554	KN149847.1:54225[.X..........X.X...X.]+,7:47522382[X......X..XX........]-,4:62447891[.........X....X..XX.]-,7:34704538[X.......X..X........]-,17:53213651[...X....X.......X.X.]+,4:33233055[.........X....X..XX.]-,4:51520081[.........X....X..XX.]+,5:25299168[X....XX...X.........]+,5:25265401[X....XX...X.........]+,20:19995155[.X.....X.XX.........]+,3:26014590[.....X.........XX..X]-,14:25293514[.......X..XX...X....]-,15:23646538[.XX........X...X....]-,4:30018699[XX........X.....X...]+,2:14866858[XX........X.....X...]-,24:16219142[XX........X.....X...]-,17:6392221[XX...X.....X........]+,19:20255468[X...X..XX...........]-,9:52636743[X...X..XX...........]-,25:22801186[X...X..XX...........]+,2:24611750[X..X............X..X]+,17:48454088[.....X.....XX.X.....]-,5:32909185[X...X...X...X.......]+,8:20576587[.....XX.........X..X]+,5:25537110[X.....X....X.......X]+,7:30158281[X.X.X..X............]+,14:43726101[.....X...X.X......X.]-,20:38233888[.....X....XX..X.....]+,2:13902431[.X..X..........X.X..]+,7:41957080[......XX.......XX...]+	,,,,,,,,,,,,,,,,,,,,,,,,,,,,,	0.32,0.31,0.27,0.24,0.20,0.18,0.18,0.18,0.18,0.12,0.12,0.11,0.11,0.10,0.10,0.10,0.09,0.09,0.09,0.09,0.08,0.08,0.07,0.07,0.07,0.07,0.07,0.07,0.06,0.06
yourseq	54	77	-	Gg18NGG	GATAACGCCGCCGCCTAACAAGG	GGTAACGCCGCCGCCTAACA	t7	45	89	0	0	75	0.93490976	13:2300223[X..X...........X...X]-,14:39269862[X.X......X......X...]+,9:6860051[.X.X...X.........X..]-,20:49554691[...X...X.........X.X]-,1:43497341[....XX..X.X.........]-,17:42180454[.....X...X.X...X....]-,20:46911972[...X........X.....XX]-,9:8577629[....X.X.X.......X...]+,15:2951844[....X...X.X.....X...]-,4:45357042[..X....X....X....X..]+,4:60401031[..X....X....X....X..]+,KN150041.2:56480[.XX.X..........X....]-,15:47179987[X.....X.....XX......]-,15:47194227[X.....X.....XX......]-,16:42047474[.X.......X.X.....X..]-,19:42262640[.........X.X.....X.X]+,22:20157408[....XX..X.X.........]+,1:56190323[....XX..X.X.........]+,4:16640436[X..............X.X.X]-,20:1339149[........X.X....X....]+,5:51732469[....XX..X.X.........]+,15:30204132[.....X..X.X.....X...]-,2:30914374[....XX..X.......X...]-,KN150144.1:7289[.XX........X.....X..]+,17:11949328[....X...X.X.......X.]-,5:28140953[..X........X.....X.X]+,2:45029100[....X...X.X.....X...]-,13:4962271[....X...X.X.....X...]-,5:6072059[....X...X.X.....X...]-,7:42816414[....X...X.X.....X...]-	,,,,,,,,,,,,,,,,,,,,,,,,,,,,,	0.09,0.08,0.07,0.06,0.05,0.04,0.03,0.03,0.03,0.03,0.03,0.02,0.02,0.02,0.02,0.02,0.02,0.02,0.02,0.02,0.01,0.01,0.01,0.01,0.01,0.01,0.01,0.01,0.01,0.01
yourseq	78	101	-	gG18NGG	AGCAGCAGCAACAACGGCGGCGG	GGCAGCAGCAACAACGGCGG	t7	58	21	0	0	434	29.366478	25:24990238[XX.......X.....X....]-,20:44989145[X..............XXX..]+,16:3182747[XX........X....X....]-,17:8202723[X............X.X....]+,17:8202720[X.........X....X..X.]+,18:20892786[X.........X....X..X.]-,21:30032042[X..X...X.......X....]-,22:16895954[X.......X.......XX..]+,9:25782178[........X......X...X]+,25:809704[X.........X......X.X]-,5:26685110[X.........X..X.X....]+,8:25011160[X.........X..X.X....]+,4:74180546[X............X.X..X.]+,3:11784706[....X........X.X..X.]+,11:41560899[X.........X..X.X....]+,15:2290998[X.........X..X......]-,1:35799425[..........X....XX.X.]-,6:36875369[.....X...X.......X.X]-,16:34390951[...............X....]+,15:2291001[.X........X..X.X....]-,22:5788662[.X.X...X...........X]+,5:38097442[XX........X..X......]+,10:27196214[..........X..X..X..X]+,5:513255[X..XX......X........]+,12:36992770[XX........X..X......]+,4:35194762[X..X.X....X.........]+,2:5014733[..........X..X.X.X..]-,22:5099811[XX........X..X......]+,2:21767168[XX........X..X......]+,8:54160094[X............X.X..X.]-	,,,,,,,,,,,,,,,,,,,,,,,,,,,,,	0.55,0.54,0.45,0.42,0.42,0.42,0.39,0.37,0.37,0.35,0.31,0.31,0.30,0.29,0.27,0.27,0.27,0.26,0.26,0.26,0.23,0.23,0.23,0.22,0.21,0.21,0.19,0.19,0.19,0.19
yourseq	81	104	-	gG18NGG	AGCAGCAGCAGCAACAACGGCGG	GGCAGCAGCAGCAACAACGG	t7	57	43	2	0	1654	55.20121	20:44988496[X...X..X..X.........]+,20:44989145[X.........X......X..]+,7:66817337[XX........X.......X.]-,4:7031894[XX................XX]-,20:44989142[XX................XX]+,16:34390948[X..X..............X.]+,1:43902550[.............X....X.]+,19:7789334[X........X...X......]-,18:43366166[......X..XX......X..]+,9:17775723[XX..X.............X.]+,20:15498472[XX..X.............X.]-,1:35799425[..........X.......X.]-,2:2694725[.....X.X..X.......X.]+,5:8636439[.X..X.....X......X..]+,4:76833370[.X.....X..........XX]+,9:26123529[......X..X........XX]+,20:18289033[X....XX...........X.]+,24:10171542[XX...........X....X.]+,6:29434625[X............X...X..]+,22:24875947[..XX......X.........]+,21:18937218[X.................X.]-,3:9640169[X.................X.]-,15:5115786[X.X........X......X.]-,19:10204487[.........X...X...XX.]+,4:12292305[......X.....XX....X.]+,17:2211780[X.........X.......XX]-,6:11751650[X......X..X.......X.]+,18:5069530[X......X..X.......X.]+,18:5069512[X......X..X.......X.]+,18:5069548[X......X..X.......X.]+	,,,,,,A,,,,,A,,,,,,,,,,,,,,,,,,	0.78,0.58,0.54,0.48,0.40,0.40,0.38,0.37,0.34,0.32,0.32,0.31,0.28,0.27,0.27,0.26,0.26,0.25,0.25,0.19,0.19,0.19,0.18,0.18,0.18,0.17,0.17,0.17,0.17,0.17
yourseq	83	106	+	Gg18NGG	GCCGTTGTTGCTGCTGCTGCTGG	GGCGTTGTTGCTGCTGCTGC	t7	36	2	9	9	2853	104.64246	5:71958349[....X..X............]-,21:45890878[....X..X............]-,21:40686506[....X..X............]-,25:3503411[X...X..X............]+,8:54150081[X...X..X....X.......]-,17:21434349[...XX..X............]+,4:2758863[X...X..X............]-,19:31649733[X.X.X..X............]+,2:1331597[..X.X..X............]+,6:59925820[.X..X..X............]-,4:9764711[X.X.X..X............]+,9:59025[X.X.X..X............]-,17:26481377[.XX.X..X............]+,24:1463180[.X..X.XX............]+,17:29101243[.X..X..X............]-,21:45827022[X.X.X..X............]-,6:38563340[X.X.X..X............]+,5:35562210[..X.X..X............]-,9:21499890[..X....X............]+,12:7529142[X.X.X..X............]+,21:34452036[..X.X..X............]+,20:46630926[X.X.X..X............]-,18:15299384[..X.................]-,17:1519217[X.X.X..X............]-,4:130034[X...XX.X............]-,24:41771292[.X..X....X..........]+,19:28788948[.X..X.XX............]+,1:47391219[.X...X.X............]-,13:4466161[.X..XX.X............]+,13:4848656[XX..X..X............]-	AS,AS,AS,,,,,,,,,,,,,,,,AS,,,,AS,,,,,,,	1.00,1.00,1.00,1.00,0.92,0.90,0.90,0.87,0.87,0.85,0.78,0.78,0.73,0.69,0.69,0.69,0.69,0.69,0.69,0.69,0.69,0.69,0.69,0.69,0.65,0.65,0.64,0.63,0.63,0.62
yourseq	84	107	-	Gg18NGG	GCCAGCAGCAGCAGCAACAACGG	GGCAGCAGCAGCAGCAACAA	t7	55	11	7	1	3280	107.10591	23:9833753[X...X...............]-,7:64226230[XX..X..X............]-,16:9150176[XX........X.........]+,24:10171542[XX.................X]+,5:38427148[XX....XX............]+,20:44989142[XX...........X......]+,8:44024939[X.X.X........X......]-,18:33935694[....X.....X.X......X]-,18:26635256[X.......X........X..]+,20:23023512[.X.X......X.........]+,17:51006157[XX.....X...........X]-,25:28458893[....X..XX.X.........]+,16:34390948[X..X.........X.....X]+,4:7031894[XX...........X....X.]-,5:23153640[XXX................X]+,12:34818258[X.......X........X..]+,9:26123529[......X..X...X......]+,22:36798449[.XX.X...X...........]+,7:20588218[..XX....X....X......]+,21:33801147[X.X..............X.X]+,1:35799425[..........X..X.....X]-,19:10204487[.........X.......XXX]+,3:51428096[X...................]+,13:20816675[X.........X.........]-,23:25200003[X...................]+,22:26788938[X...................]+,8:33066684[X...................]-,25:825670[X...................]-,3:24998901[X......X............]-,6:46425621[X...................]+	AS,,,,,,,,,,,,,,,,,,,,,,,,,,,,,	0.78,0.66,0.60,0.58,0.54,0.45,0.45,0.43,0.42,0.40,0.40,0.32,0.32,0.31,0.30,0.30,0.29,0.26,0.26,0.25,0.25,0.23,0.23,0.23,0.23,0.23,0.23,0.23,0.23,0.23
yourseq	100	123	+	gG18NGG	TGCTGGCTGTTGCTGCTGGCTGG	GGCTGGCTGTTGCTGCTGGC	t7	34	19	0	0	383	10.80661	22:10826146[X.X......X.X........]-,2:470291[X...XX.............X]+,20:10474030[X.....X...XX........]+,18:46174836[.....X.X........X.X.]+,2:715331[X..X..............X.]+,18:47425363[...XX.XX............]+,9:32975067[X........X..X......X]-,17:50384185[XX.X.X..............]+,15:7873199[.....X.X.........X..]+,24:32816405[.X...X....X.....X...]+,16:53973130[X.....XX...........X]+,8:10933308[.XX...X............X]+,7:40819393[.X...X...X.......X..]+,16:23000351[.XX...X............X]+,8:43967265[.X.XX...X...........]-,16:54435983[X.....X......X.....X]-,6:32801411[..........X....XXX..]-,7:61119573[...XX.X..X..........]+,4:21528890[.......X.X...X....X.]+,9:920430[.XXX.....X..........]+,13:26265878[......X.XX..........]-,15:31806647[.......XX..X....X...]-,5:17822139[.X....XX.X..........]+,4:7294078[......X....XX.X.....]-,17:10254445[.XX...X............X]+,23:18356636[.X..X..........XX...]+,10:40169067[...X.X...X........X.]+,9:17747744[...XX....X.........X]-,15:3539534[X..X.....X.........X]+,17:8672363[....X.............XX]+	,,,,,,,,,,,,,,,,,,,,,,,,,,,,,	0.69,0.43,0.42,0.38,0.38,0.36,0.27,0.26,0.26,0.25,0.25,0.24,0.24,0.22,0.22,0.21,0.19,0.18,0.17,0.15,0.13,0.13,0.13,0.12,0.12,0.11,0.11,0.10,0.10,0.10
yourseq	107	130	+	gG18NGG	TGTTGCTGCTGGCTGGCTGCTGG	GGTTGCTGCTGGCTGGCTGC	t7	28	8	1	0	524	13.477394	17:21228468[......X.X.X...X.....]-,25:7399107[X.........X.X.......]-,14:171760[XX..X......X........]-,1:40312221[........X..X...X...X]+,23:1141044[XX.........XX.......]+,16:55090098[.....X.X...XX.......]+,9:46396970[X.....X..X....X.....]-,20:25852900[.X.XX....X..........]-,21:19503253[.X.......X.....X...X]+,22:6055936[..........X...XX..X.]+,3:18611185[........X..X...X...X]+,17:12939996[X...X......XX.......]+,10:30312866[..X........X...X...X]-,17:38711286[.....X..X...XX......]+,25:6933876[.....X.X....X...X...]-,2:47407037[.XX..X.......X......]-,6:24497698[....XX.X....X.......]-,25:134898[...X.XX..X..........]-,11:28673341[X.....X.X.....X.....]+,21:45876721[.X.........X...X..X.]+,14:32017362[........X..X..X.....]+,24:30653416[...X....X..X........]+,5:49265702[.....X.X...X.......X]+,22:698846[...X..X...X.........]+,17:3789202[X.X........X.X......]-,6:32813750[XX.........XX.......]+,9:50472840[X.X.......X.X.......]-,12:26243112[....X.XX..........X.]-,20:49417441[........X..X...X...X]+,16:5563101[...X.X.....XX.......]-	,,,,,,,,,,,,,,,,,,,,,,,,,,,,,	0.71,0.70,0.44,0.41,0.41,0.38,0.37,0.30,0.27,0.27,0.25,0.21,0.20,0.19,0.19,0.18,0.18,0.17,0.16,0.16,0.16,0.15,0.14,0.14,0.12,0.12,0.12,0.12,0.11,0.10
yourseq	111	134	+	Gg18NGG	GCTGCTGGCTGGCTGCTGGCTGG	GGTGCTGGCTGGCTGCTGGC	t7	40	30	0	0	471	20.7165	6:14094873[.X....X...X.........]+,13:9724817[X.......X....X......]-,14:30859854[X......X.......X..X.]-,22:33350667[X.......X.X........X]+,9:44398106[.X.....X.X.X........]-,2:16174087[....X.X..........XX.]-,8:29119569[X..XX...X...........]-,9:54567287[X.X......X.......X..]+,1:13803271[X..X....X..........X]+,7:52478598[X..X....X..........X]-,5:39063057[X..X....X..........X]-,15:6389989[XXX.X...............]-,9:51111594[X.......X.X.........]+,3:38691237[X......X...X......X.]+,21:42885487[.XX..X.......X......]-,12:43517884[.XX..X.......X......]+,2:45273885[.XX..X.......X......]+,17:24025851[...X....X........X.X]-,11:43070139[X..X....X.X.........]+,2:16614839[...XX.X........X....]-,9:48463953[.X..X.X......X......]+,1:57914319[X.......X.X..X......]-,13:45491629[X.........X........X]-,8:14533219[X.......X....X.....X]-,14:25311171[...X...X.......X..X.]-,15:16006403[.X.......X...XX.....]+,5:36116429[X...X...X..........X]-,1:24698407[X...X........X.....X]-,2:52043596[X...X........X.....X]+,3:875351[...X...XX..........X]-	,,,,,,,,,,,,,,,,,,,,,,,,,,,,,	0.64,0.53,0.51,0.39,0.35,0.30,0.28,0.25,0.25,0.25,0.25,0.22,0.21,0.20,0.19,0.19,0.19,0.19,0.19,0.19,0.19,0.18,0.17,0.17,0.16,0.16,0.16,0.16,0.16,0.16
yourseq	118	141	+	Gg18NGG	GCTGGCTGCTGGCTGGCTGCTGG	GGTGGCTGCTGGCTGGCTGC	t7	39	19	1	0	407	9.150277	17:14785646[..X.X...X..X........]+,18:9021250[.....X..X..X...X....]-,6:9391800[.X...XXX............]-,25:134898[.....XX..X..........]-,25:7399107[X..X......X.X.......]-,KN149814.1:20547[.X....XX....X.......]+,20:25852900[.X.XX....X..........]-,24:30653416[........X..X........]+,22:698846[......X...X.........]+,17:33705428[.X....XXX...........]-,7:55120680[.....X..XX...X......]+,23:45787676[.XX........XX.......]+,16:32480865[XXX................X]+,18:26038341[.X.X......X...X.....]-,17:819594[.X..X............X.X]-,9:84641[......X..X..........]-,4:11319458[.XX.....X.X.........]+,11:20125703[.....X.XX.......X...]+,6:21043451[..X....XX........X..]-,24:10479280[X.......X..X.X......]+,12:42798098[X...X.X...X.........]-,9:53648327[X....X....X.....X...]+,22:35329420[.....X.X...XX.......]+,16:5563101[...X.X.....XX.......]-,14:31014092[...X.......XX.....X.]+,20:43917686[.X.......XX........X]+,8:33396685[.....X....X.X...X...]+,7:44925304[.....X....X.X...X...]+,9:50472765[X....X......X...X...]-,25:15213693[.....XX.X.....X.....]+	,,,,,,,A,,,,,,,,,,,,,,,,,,,,,,	0.51,0.31,0.29,0.27,0.25,0.25,0.25,0.24,0.23,0.20,0.19,0.19,0.16,0.15,0.14,0.13,0.13,0.13,0.12,0.12,0.11,0.10,0.10,0.08,0.08,0.08,0.08,0.08,0.07,0.07
yourseq	125	148	+	Gg18NGG	GCTGGCTGGCTGCTGGCTGCTGG	GGTGGCTGGCTGCTGGCTGC	t7	40	4	0	0	258	8.345413	3:15703488[X...X.X........X....]+,2:33140794[......X.....X..X.X..]-,21:1037626[.X..X...X......X....]+,18:13825567[X...XXX.............]+,22:30150790[.X.X....X.....X.....]-,7:20151984[.XXX...X............]+,18:14917103[......XX..X..X......]-,19:28255823[X...XX...........X..]+,9:56870[....XX..........X.X.]-,14:32022851[....X.XX...........X]-,6:24459084[X.......X.....X...X.]-,11:28630932[.X....X..X.....X....]-,1:31054126[.....X.....X.X....X.]+,17:33705421[XX...............XX.]-,14:12848657[..X......X..X....X..]-,5:63728245[...X.X..X..X........]+,6:42895664[X....X.X.........X..]+,5:17261480[....XXX.......X.....]-,24:30653416[.........XXX........]+,3:56663787[....XXX.....X.......]-,17:44171061[.....XXX...X........]+,19:40294272[.X..X.X.....X.......]+,15:7928393[X..X....X......X....]-,2:40401552[.X..X.......X.X.....]-,17:233323[X...X....X.........X]-,12:31984167[X......X.X.......X..]-,20:43917686[.X......XX.........X]+,6:30359475[..X.....X...X......X]-,22:698846[......X.XXX.........]+,12:31333506[..X......XX.......X.]-	,,,,,,,,,,,,,,,,,,,,,,,,,,,,,	0.54,0.41,0.32,0.31,0.29,0.29,0.27,0.27,0.25,0.23,0.23,0.22,0.21,0.20,0.20,0.17,0.17,0.15,0.14,0.13,0.13,0.12,0.12,0.10,0.10,0.09,0.09,0.09,0.09,0.09
yourseq	129	152	+	Gg18NGG	GCTGGCTGCTGGCTGCTGGCTGG	GGTGGCTGCTGGCTGCTGGC	t7	38	51	0	0	641	10.080894	4:7238831[X.......X......X....]-,25:4935231[......X.X.X...X.....]+,11:29587617[XX..X..X............]-,1:30036559[X........X.....X...X]-,2:16174087[.....XX..........XX.]-,6:54159903[.......XX.....X...X.]-,7:11619755[XX...X.....X........]+,23:13896945[.X.......X...XX.....]-,2:10147297[.X......X....X....X.]+,12:27262902[X..XX........X......]+,5:19721456[X...X....X..X.......]-,15:15876885[.......X.X...X..X...]-,24:5117139[..X.X........X....X.]+,13:39871085[.XXX.......X........]+,2:16614839[...XXX.........X....]-,9:48463953[.X..XX.......X......]+,4:1247811[.....X.XX.......X...]-,13:27615843[.X...X..X..........X]-,11:13337271[.XX..........X.....X]+,23:3414648[..X.X....X........X.]-,10:33345921[.X.X........X.......]+,18:10765718[.X..X......X......X.]+,2:20827954[.X...X......X.X.....]+,2:5923613[.X..X...X.....X.....]-,7:73505910[..........X.X....X..]-,22:15738265[......X.X....XX.....]+,16:6563615[.XX.........X.X.....]+,5:24994253[..X.X..XX...........]+,18:11812776[...X....XX.X........]+,5:11069148[XX.........X........]+	,,,,,,,,,,,,,,,,,,,,,,,,,,,,,	0.88,0.72,0.52,0.43,0.40,0.34,0.25,0.20,0.20,0.20,0.18,0.18,0.17,0.16,0.15,0.15,0.14,0.14,0.13,0.13,0.13,0.13,0.12,0.12,0.12,0.12,0.12,0.11,0.10,0.08
yourseq	136	159	+	Gg18NGG	GCTGGCTGCTGGCTGGCTGCTGG	GGTGGCTGCTGGCTGGCTGC	t7	38	17	1	0	407	9.150277	17:14785646[..X.X...X..X........]+,18:9021250[.....X..X..X...X....]-,6:9391800[.X...XXX............]-,25:134898[.....XX..X..........]-,25:7399107[X..X......X.X.......]-,KN149814.1:20547[.X....XX....X.......]+,20:25852900[.X.XX....X..........]-,24:30653416[........X..X........]+,22:698846[......X...X.........]+,17:33705428[.X....XXX...........]-,7:55120680[.....X..XX...X......]+,23:45787676[.XX........XX.......]+,16:32480865[XXX................X]+,18:26038341[.X.X......X...X.....]-,17:819594[.X..X............X.X]-,9:84641[......X..X..........]-,4:11319458[.XX.....X.X.........]+,11:20125703[.....X.XX.......X...]+,6:21043451[..X....XX........X..]-,24:10479280[X.......X..X.X......]+,12:42798098[X...X.X...X.........]-,9:53648327[X....X....X.....X...]+,22:35329420[.....X.X...XX.......]+,16:5563101[...X.X.....XX.......]-,14:31014092[...X.......XX.....X.]+,20:43917686[.X.......XX........X]+,8:33396685[.....X....X.X...X...]+,7:44925304[.....X....X.X...X...]+,9:50472765[X....X......X...X...]-,25:15213693[.....XX.X.....X.....]+	,,,,,,,A,,,,,,,,,,,,,,,,,,,,,,	0.51,0.31,0.29,0.27,0.25,0.25,0.25,0.24,0.23,0.20,0.19,0.19,0.16,0.15,0.14,0.13,0.13,0.13,0.12,0.12,0.11,0.10,0.10,0.08,0.08,0.08,0.08,0.08,0.07,0.07
yourseq	140	163	+	Gg18NGG	GCTGCTGGCTGGCTGCTGGCTGG	GGTGCTGGCTGGCTGCTGGC	t7	43	51	0	0	471	20.7165	6:14094873[.X....X...X.........]+,13:9724817[X.......X....X......]-,14:30859854[X......X.......X..X.]-,22:33350667[X.......X.X........X]+,9:44398106[.X.....X.X.X........]-,2:16174087[....X.X..........XX.]-,8:29119569[X..XX...X...........]-,9:54567287[X.X......X.......X..]+,1:13803271[X..X....X..........X]+,7:52478598[X..X....X..........X]-,5:39063057[X..X....X..........X]-,15:6389989[XXX.X...............]-,9:51111594[X.......X.X.........]+,3:38691237[X......X...X......X.]+,21:42885487[.XX..X.......X......]-,12:43517884[.XX..X.......X......]+,2:45273885[.XX..X.......X......]+,17:24025851[...X....X........X.X]-,11:43070139[X..X....X.X.........]+,2:16614839[...XX.X........X....]-,9:48463953[.X..X.X......X......]+,1:57914319[X.......X.X..X......]-,13:45491629[X.........X........X]-,8:14533219[X.......X....X.....X]-,14:25311171[...X...X.......X..X.]-,15:16006403[.X.......X...XX.....]+,5:36116429[X...X...X..........X]-,1:24698407[X...X........X.....X]-,2:52043596[X...X........X.....X]+,3:875351[...X...XX..........X]-	,,,,,,,,,,,,,,,,,,,,,,,,,,,,,	0.64,0.53,0.51,0.39,0.35,0.30,0.28,0.25,0.25,0.25,0.25,0.22,0.21,0.20,0.19,0.19,0.19,0.19,0.19,0.19,0.19,0.18,0.17,0.17,0.16,0.16,0.16,0.16,0.16,0.16
yourseq	171	194	+	gG18NGG	AGAGCCTTACTGCCCGAAGGCGG	GGAGCCTTACTGCCCGAAGG	t7	57	58	0	0	123	1.5266881	9:40864368[X....X.XX...........]+,7:56574046[.XXX......X.........]+,11:28477974[XX.X.......X........]-,15:590589[.X........X....X..X.]+,15:32592938[.......X....X..X.X..]+,21:31847955[....X..X....X...X...]+,15:42347009[.X......X.X.....X...]+,19:20281157[.X.X......X........X]-,13:23516309[X.....X..X...X......]-,18:47744403[.......X......XX..X.]-,11:34299255[..X.......X..XX.....]+,20:25752890[..X..X...X....X.....]-,7:73933942[.X........X..X......]+,6:9943652[.X...........X....X.]+,8:3288464[.X.....X.....X..X...]+,6:10389870[.X.....X......X..X..]-,9:42685249[..X....X..X..X......]+,9:15108247[.......X..X..XX.....]+,15:40332018[.XX.......X..X......]+,1:14397854[.......X....X.X.X...]-,5:52220635[...X....X.......X..X]-,12:19704650[.X........X..XX.....]+,24:31273757[.XX.......X...X.....]-,5:59647318[.........X.XX.X.....]-,8:13024234[..X....X..X..X......]-,7:9746224[.X.....X.....XX.....]-,5:48830507[...X.X......X....X..]+,2:6213986[.XX....X......X.....]-,5:10931836[.......X..X..XX.....]+,24:8120646[..X....X.....XX.....]-	,,,,,,,,,,,,,,,,,,,,,,,,,,,,,	0.38,0.18,0.10,0.09,0.07,0.06,0.05,0.04,0.03,0.03,0.03,0.02,0.02,0.02,0.02,0.02,0.02,0.01,0.01,0.01,0.01,0.01,0.01,0.01,0.01,0.01,0.01,0.01,0.01,0.01
yourseq	174	197	+	Gg18NGG	GCCTTACTGCCCGAAGGCGGCGG	GGCTTACTGCCCGAAGGCGG	t7	71	76	0	0	44	4.6616693	2:13201593[..X..X.X............]-,5:20479617[.....X...X.X......X.]-,2:12740229[..XX.X..............]+,20:30994175[..XX.X.X............]-,20:12119880[..XX.X.X............]-,3:4263026[..XX.X.X............]+,13:14246052[..XX.X.X............]-,15:18245069[..XX.X.X............]+,23:13048914[..XX.X.X............]-,17:41978392[..XX.X.X............]+,1:32708333[..XX.X.X............]+,23:25787332[..XX.X.X............]+,25:18736008[..XX.X.X............]+,1:44876564[....X.XX....X.......]+,11:19523636[.........X.XX.......]+,13:35606106[....X....X.X......X.]-,23:6630567[..XX......X.........]-,3:4103873[..XX.X.X............]+,9:56364152[.....X....X.X...X...]+,4:3960360[.XX...X......X......]-,20:34423001[.....X.......X..XX..]-,24:7421189[..X....X..X........X]+,7:51474614[.........XX.........]+,3:13594208[X...X..X..........X.]-,16:18478996[..XX.X.X............]-,20:18805685[......X...X.X.....X.]-,6:56195408[......X....XX......X]+,8:39643542[.......XX...X.X.....]+,18:1850948[.......X..XX......X.]+,13:52033049[.........X.X.XX.....]+	,,,,,,,,,,,,,,,,,,,,,,,,,,,,,	0.39,0.34,0.32,0.25,0.25,0.25,0.25,0.25,0.25,0.25,0.25,0.25,0.25,0.20,0.20,0.14,0.10,0.07,0.05,0.05,0.04,0.03,0.03,0.02,0.02,0.01,0.01,0.01,0.01,0.01
yourseq	175	198	-	Gg18NGG	GCCGCCGCCTTCGGGCAGTAAGG	GGCGCCGCCTTCGGGCAGTA	t7	45	31	0	0	265	2.0570097	4:6992263[..X..X.....X.....X..]+,8:53640358[...XX...X...........]+,18:22370067[X...XX.............X]-,19:16151875[......X.X.........XX]-,11:16341456[X.......XX........X.]+,5:45801535[X.....X.....X......X]-,8:38754629[X....X..X.X.........]+,21:35825135[....X....X.X.X......]-,23:597732[...X..XX.X..........]-,1:1957243[..XX...........X.X..]-,20:51461920[.X..X.......X.X.....]-,17:26731892[.....X......X.XX....]-,9:56030905[XX....X.....X.......]+,6:8825234[.........XX.X.X.....]-,6:10354707[......X...X.X.....X.]-,3:32476779[X.....X.....XX......]+,1:10519611[.......X.X.X.......X]-,22:22992485[.....X.......X..XX..]-,7:6179828[.....X.......X..XX..]-,18:50986652[.X.......X..X.....X.]+,11:12109741[......X...X.X.....X.]+,18:2070445[............X..X.XX.]-,21:5375103[....XX..X...X.......]+,10:43887753[.........X..XX...X..]-,6:18988020[....XX..X..........X]-,11:9769758[....X....X.X.X......]+,21:23991974[....XX..X........X..]+,11:2680117[......X...X.X.......]-,7:22914571[X.....X...X.......X.]+,11:44967217[..X.X.X........X....]+	,,,,,,,,,,,,,,,,,,,,,,,,,,,,,	0.30,0.29,0.17,0.13,0.13,0.09,0.08,0.05,0.04,0.04,0.04,0.03,0.03,0.03,0.03,0.03,0.02,0.02,0.02,0.02,0.02,0.02,0.02,0.01,0.01,0.01,0.01,0.01,0.01,0.01
yourseq	183	206	-	Gg18NGG	GCGATAACGCCGCCGCCTTCGGG	GGGATAACGCCGCCGCCTTC	t7	62	17	0	0	75	2.8280506	5:53684396[..X....XX...........]+,23:11261160[.X.....X.X......X...]-,13:14246043[..XX...XX...........]+,20:30994166[..XX...XX...........]+,5:55211936[..XX...XX...........]-,2:12740238[..XX...XX...........]-,17:41978401[..XX...XX...........]-,KN149683.1:137883[..XX...XX...........]+,1:32708342[..XX...XX...........]-,25:18736017[..XX...XX...........]-,23:25787341[..XX...XX...........]-,20:12119871[..XX...XX...........]+,9:22040271[..XX...XX...........]+,12:21680581[X...X.X.......X.....]+,23:25425958[X...X..X.X..........]+,3:4103882[..X....XX.X.........]-,13:8621656[..X......X...XX.....]-,9:6733345[XX........X....X....]+,16:10653428[X.X..........X....X.]-,6:2413018[X..X......X........X]-,KZ116034.1:22759[...X.X...........XX.]+,12:534998[...........XX..X..X.]+,22:26459908[XX.........X.X......]-,22:2458[X...XX............X.]+,5:60725598[.X..X......X.X......]+,24:22369969[X.X.....X....X......]+,9:18907077[..X....X..X..X......]-,15:35421595[....X........X.XX...]-,12:41673440[.X.XX........X......]-,11:29336693[.X.X.......X.X......]+	,,,,,,,,,,,,,,,,,,,,,,,,,,,,,	0.26,0.25,0.16,0.16,0.16,0.16,0.16,0.16,0.16,0.16,0.16,0.16,0.11,0.10,0.08,0.08,0.07,0.05,0.03,0.02,0.02,0.02,0.01,0.01,0.01,0.01,0.01,0.01,0.01,0.01
yourseq	184	207	-	GG18NGG	GGCGATAACGCCGCCGCCTTCGG	GGCGATAACGCCGCCGCCTT	t7	65	28	0	0	45	0.7716588	5:53684395[..XX....XX..........]+,18:27418957[...XX...XX..........]+,4:18614168[..X...X.X...X.......]+,16:11872999[...X.....X..X..X....]-,8:18722256[.XX.............XX..]+,8:18767949[.XX.............XX..]+,8:18790709[.XX.............XX..]+,9:18157411[X..X.......X...X....]-,9:17902259[.X.X...........X.X..]-,23:11261161[X.......X.X......X..]-,3:24020182[X..XX.X.............]-,4:21466448[..X....X..........XX]-,4:71986790[...X.X......X....X..]+,10:18347022[.X.X...X.......X....]+,23:45456338[.X.X....X.........X.]+,2:18347309[...X...X.......X.X..]+,21:43293803[.X.X...........X.X..]-,12:47888582[.X.X...........X.X..]+,14:44782458[.X.X...........X.X..]+,15:4901590[.X.X...........X.X..]+,19:45123539[.X.X...........X.X..]+,21:41797186[.X.X...........X.X..]-,16:11060892[.X.X...........X.X..]-,2:7380179[.X.X.............X..]+,11:825339[.X.X...........XX...]+,18:4499205[.X.....X.......X.X..]-,20:38619655[.X.....X.......X.X..]-,22:33435898[.X.....X.......X.X..]-,19:4266798[.X.....X.......X.X..]-,3:61474358[.X.....X.......XX...]+	,,,,,,,,,,,,,,,,,,,,,,,,,,,,,	0.31,0.12,0.03,0.03,0.03,0.03,0.03,0.02,0.02,0.01,0.01,0.01,0.01,0.01,0.01,0.01,0.00,0.00,0.00,0.00,0.00,0.00,0.00,0.00,0.00,0.00,0.00,0.00,0.00,0.00
yourseq	205	228	-	gG18NGG	AGCGACGGAATAGTGTATGGCGG	GGCGACGGAATAGTGTATGG	t7	60	6	0	0	69	2.832212	8:31820530[..X..X....X.X.......]-,19:13789075[X....X...........XX.]-,7:47633547[X.....X.X..X........]-,7:35812868[......X...XX.......X]+,10:34843753[..X...X...........XX]+,17:10703761[....XX...XX.........]-,14:7392160[.XX............X...X]-,8:13808296[.XX.....X.X.........]-,11:3523381[......X....XX......X]-,7:18055454[X.X..X....X.........]-,23:29316667[..X...X.....X..X....]-,19:31267039[..X..X.X.........X..]+,12:422477[.....X..X.........XX]-,22:30340166[X..X.X..............]+,17:23301513[.X...X.........X...X]+,17:37721938[..X..X....X.....X...]+,9:41241644[X..X.X.....X........]-,7:24605057[........X....X..X..X]+,3:6691963[...X........X.....X.]-,17:14229937[...X.X......X.....X.]+,17:19826644[..X..X...X.....X....]+,10:44290898[..X..XX............X]+,24:6604106[.X.X...X............]-,19:24042849[.X....X.....X.......]-,7:46223728[.X.X..X.....X.......]+,8:25739385[...X.XX....X........]-,24:6647064[...XXX......X.......]-,2:16355068[.XX..X..............]+,10:20366420[..X....X...X....X...]+,20:49903070[...X......X.X.....X.]+	,,,,,,,,,,,,,,,,,,,,,,,,,,,,,	0.44,0.41,0.28,0.23,0.15,0.15,0.15,0.10,0.09,0.08,0.07,0.07,0.07,0.05,0.03,0.03,0.03,0.03,0.02,0.02,0.02,0.01,0.01,0.01,0.01,0.01,0.01,0.01,0.01,0.01
yourseq	220	243	-	Gg18NGG	GTCCTGTTCGAGTTTAGCGACGG	GGCCTGTTCGAGTTTAGCGA	t7	23	17	0	0	98	1.5735991	5:58993230[......XXXX..........]+,12:44889797[....X.XX.........X..]-,4:3742498[.....X.X..X.......X.]+,3:62217410[X.......X.X.........]-,6:22374314[X.X......X......X...]-,3:14731135[X..X...X.....X......]-,23:32838349[X.......X.......X.X.]-,17:23966963[X..X....X.X.........]+,24:22234152[X....X...X.X........]-,12:20471187[XX.....X.X..........]-,3:28733040[......X.X..X......X.]-,7:19445379[...X.X......X.....X.]-,15:37230807[X.....X.X...........]-,24:2494178[......X.XXX.........]-,8:20601214[......X.X.....X...X.]+,17:4309902[...........XX.X...X.]+,21:41433826[.X..X....X.......X..]-,2:24313812[...X.XX..X..........]-,7:10063144[XXXX................]-,16:46934230[.X...X..X......X....]+,9:19530499[...X.X...X.......X..]+,23:2933348[X.X...X........X....]+,10:4139382[..X...............X.]-,5:65568228[.X...X.........X.X..]-,KN150467.1:2256[.X...X.........X.X..]+,13:35554065[...X.X..XX..........]+,18:49069065[..X.....X..........X]-,7:26137603[X.......X......X..X.]-,12:2822905[......XXX..........X]-,12:33130898[..X...X.X....X......]-	,,,,,,,,,,,,,,,,,,,,,,,,,,,,,	0.35,0.24,0.08,0.06,0.05,0.04,0.04,0.03,0.03,0.03,0.03,0.03,0.03,0.02,0.02,0.02,0.02,0.02,0.02,0.02,0.02,0.02,0.02,0.02,0.02,0.01,0.01,0.01,0.01,0.01
yourseq	225	248	+	Gg18NGG	GCTAAACTCGAACAGGACTTTGG	GGTAAACTCGAACAGGACTT	t7	38	30	0	0	176	10.673882	19:41738979[....X..........X.X..]+,15:39229401[......X.X.....X.....]-,4:74790812[.X.....X.....XX.....]-,15:25221709[.X.....X.....XX.....]+,17:3538317[.X.....X.....XX.....]+,13:2097442[.X.....X.....XX.....]-,15:11424488[.X.....X.....XX.....]-,2:5235938[.X.....X.....XX.....]-,4:75555367[.X.....X.....XX.....]+,4:75557560[.X.....X.....XX.....]+,3:3910131[.X.....X.....XX.....]-,5:51875187[.X.....X.....XX.....]+,7:63538336[.X.....X.....XX.....]+,4:35161820[.X.....X.....XX.....]-,4:71573345[.X.....X.....XX.....]-,4:71575513[.X.....X.....XX.....]-,5:3467948[.X.....X.....XX.....]-,25:34561130[.X.....X.....XX.....]+,7:18162501[.X.....X.....XX.....]-,8:46864957[.X.....X.....XX.....]-,7:56565626[.X.....X.....XX.....]-,8:46800751[.X.....X.....XX.....]-,24:2098793[.X.....X.....XX.....]-,15:27559134[........XX.X...X....]-,6:56530853[X......XX.X.........]-,25:30216763[X.......X....XX.....]-,21:897962[.......X.....XX.....]-,20:3450442[.......X.X...XX.....]-,17:9852686[.X.....X.....XX.....]-,19:41153005[.X.....X.....XX.....]+	,,,,,,,,,,,,,,,,,,,,,,,,,,,,,	0.39,0.38,0.34,0.34,0.34,0.34,0.34,0.34,0.34,0.34,0.34,0.34,0.34,0.34,0.34,0.34,0.34,0.34,0.34,0.34,0.34,0.34,0.34,0.27,0.12,0.11,0.10,0.10,0.09,0.09
yourseq	248	271	+	gG18NGG	CGGCTCCATCGGTGTGTACGCGG	GGGCTCCATCGGTGTGTACG	t7	61	23	0	0	100	3.1323402	7:9652035[.X.X......X.........]+,10:25004021[.....X...X........XX]+,6:59900590[..XX........X.......]+,20:33250855[.X........XX.X......]+,3:1123843[X.....X...X......X..]-,1:165238[.XXX................]-,25:3122959[........XX.......XX.]+,8:14431[.X........X......X.X]+,1:31077234[X...X......X......X.]-,17:267169[.X.....X..X.......X.]-,24:38321068[..X....X.X.....X....]-,12:11526973[....XXX.........X...]+,24:23266610[........XXX......X..]-,2:40221271[...X......X.X....X..]+,15:32003029[..X.....XX.........X]+,24:28373348[........XX.X......X.]-,11:11791125[.......X..XX.X......]+,10:12560014[........XX......X.X.]-,16:9976007[X.....X..XX.........]+,11:23014964[...X....X.......X.X.]+,16:33553125[...XX.....X.......X.]-,2:12431309[X.....X...X.......X.]+,4:27979768[....X.....X......XX.]+,6:27284065[.....X....X.....X.X.]-,18:1117351[.....X...X......X..X]+,17:17571551[..X.......XX.....X..]+,4:21851140[...X......X......X..]-,4:41549006[..X....X...X......X.]-,19:2438997[X....X..........X..X]-,22:35016257[.X........X..X..X...]-	,,,,,,,,,,,,,,,,,,,,,,,,,,,,,	0.54,0.35,0.32,0.25,0.23,0.16,0.13,0.10,0.10,0.08,0.07,0.06,0.06,0.05,0.05,0.04,0.04,0.03,0.03,0.03,0.02,0.02,0.02,0.02,0.02,0.01,0.01,0.01,0.01,0.01
yourseq	249	271	+	GG17NGG	GGCTCCATCGGTGTGTACGCGG	GGCTCCATCGGTGTGTACG	t7	46	18	0	0	604	9.812553	7:9652036[X.X......X.........]+,6:59900591[.XX........X.......]+,20:33250856[X........XX.X......]+,1:165238[XXX................]-,17:267169[X.....X..X.......X.]-,5:161609[.XX.....XX.........]+,1:8034391[X.....X.X........X.]-,10:25004022[....X...X........XX]+,KN150646.1:69284[.XX......X.......X.]+,18:22753459[.....X..X......X.X.]-,20:10117060[.....XX........X.X.]+,3:53228047[.X...XX..........X.]+,17:5815799[X......X...X.X.....]+,1:31077234[...X......X......X.]-,3:1123843[.....X...X......X..]-,4:71969147[.X.XX.....X........]-,10:12560014[.......XX......X.X.]-,23:22909031[..X....XXX.........]+,18:37628584[XX........X.......X]+,7:25681319[X......X........X.X]+,24:38321068[.X....X.X.....X....]-,24:23266610[.......XXX......X..]-,1:45405391[X...X....X.....X...]-,12:11526974[...XXX.........X...]+,15:32003030[.X.....XX.........X]+,24:28373348[.......XX.X......X.]-,16:33553125[..XX.....X.......X.]-,15:29592861[.......XX....X...X.]+,18:51004075[.......X...X...X..X]-,25:3122960[.......XX.......XX.]+	,,,,,,,,,,,,,,,,,,,,,,,,,,,,,	0.81,0.41,0.39,0.31,0.31,0.26,0.25,0.21,0.19,0.18,0.17,0.17,0.16,0.15,0.15,0.14,0.14,0.13,0.12,0.11,0.10,0.09,0.09,0.08,0.07,0.07,0.06,0.06,0.06,0.06
yourseq	253	276	-	gG18NGG	CGCCGCCGCGTACACACCGATGG	GGCCGCCGCGTACACACCGA	t7	51	42	0	0	1564	8.340119	5:72421059[...X..X...X........X]+,22:4572099[......X....XX....X..]-,KN149710.1:10869[X..........X........]-,7:9959647[X...X...X..X........]-,10:42981940[.X.......X.X.X......]+,13:50775569[XX.X.......X........]+,17:899974[X..X.....XX.........]-,23:15816147[.....XX..X.......X..]-,6:22257725[.......X..X....X..X.]+,11:282867[....XXX...X.........]+,8:28325212[....X..X.X.......X..]+,KN149843.1:31738[..X...X.........X...]+,21:5638781[.X....X.X........X..]+,9:55805583[X......X..X.......X.]-,17:5947158[X....X...........X.X]-,16:51705192[XX..X..........X....]-,5:45146387[.......X..X.......X.]+,11:45476742[.......X..X.......X.]+,19:19896013[.......X..X.......X.]+,11:44351255[.......X..X.......X.]+,11:44061905[.......X..X.......X.]+,1:43346132[.......X..X.......X.]-,21:19243953[.......X..X.......X.]+,21:19259271[.......X..X.......X.]+,25:13251295[.......X..X.......X.]+,25:13296922[.......X..X.......X.]+,25:13310338[.......X..X.......X.]+,4:31841357[.......X..X.......X.]+,2:51351987[.......X..X.......X.]-,5:6906243[.......X..X.......X.]+	,,,,,,,,,,,,,,,,,,,,,,,,,,,,,	0.35,0.15,0.13,0.10,0.10,0.07,0.04,0.04,0.03,0.03,0.03,0.03,0.03,0.03,0.02,0.02,0.02,0.02,0.02,0.02,0.02,0.02,0.02,0.02,0.02,0.02,0.02,0.02,0.02,0.02
yourseq	282	305	-	gG18NGG	AGCGACGGAATAGTGTATGGCGG	GGCGACGGAATAGTGTATGG	t7	60	6	0	0	69	2.832212	8:31820530[..X..X....X.X.......]-,19:13789075[X....X...........XX.]-,7:47633547[X.....X.X..X........]-,7:35812868[......X...XX.......X]+,10:34843753[..X...X...........XX]+,17:10703761[....XX...XX.........]-,14:7392160[.XX............X...X]-,8:13808296[.XX.....X.X.........]-,11:3523381[......X....XX......X]-,7:18055454[X.X..X....X.........]-,23:29316667[..X...X.....X..X....]-,19:31267039[..X..X.X.........X..]+,12:422477[.....X..X.........XX]-,22:30340166[X..X.X..............]+,17:23301513[.X...X.........X...X]+,17:37721938[..X..X....X.....X...]+,9:41241644[X..X.X.....X........]-,7:24605057[........X....X..X..X]+,3:6691963[...X........X.....X.]-,17:14229937[...X.X......X.....X.]+,17:19826644[..X..X...X.....X....]+,10:44290898[..X..XX............X]+,24:6604106[.X.X...X............]-,19:24042849[.X....X.....X.......]-,7:46223728[.X.X..X.....X.......]+,8:25739385[...X.XX....X........]-,24:6647064[...XXX......X.......]-,2:16355068[.XX..X..............]+,10:20366420[..X....X...X....X...]+,20:49903070[...X......X.X.....X.]+	,,,,,,,,,,,,,,,,,,,,,,,,,,,,,	0.44,0.41,0.28,0.23,0.15,0.15,0.15,0.10,0.09,0.08,0.07,0.07,0.07,0.05,0.03,0.03,0.03,0.03,0.02,0.02,0.02,0.01,0.01,0.01,0.01,0.01,0.01,0.01,0.01,0.01
yourseq	297	320	-	Gg18NGG	GTCCTGTTCGAGTTTAGCGACGG	GGCCTGTTCGAGTTTAGCGA	t7	23	17	0	0	98	1.5735991	5:58993230[......XXXX..........]+,12:44889797[....X.XX.........X..]-,4:3742498[.....X.X..X.......X.]+,3:62217410[X.......X.X.........]-,6:22374314[X.X......X......X...]-,3:14731135[X..X...X.....X......]-,23:32838349[X.......X.......X.X.]-,17:23966963[X..X....X.X.........]+,24:22234152[X....X...X.X........]-,12:20471187[XX.....X.X..........]-,3:28733040[......X.X..X......X.]-,7:19445379[...X.X......X.....X.]-,15:37230807[X.....X.X...........]-,24:2494178[......X.XXX.........]-,8:20601214[......X.X.....X...X.]+,17:4309902[...........XX.X...X.]+,21:41433826[.X..X....X.......X..]-,2:24313812[...X.XX..X..........]-,7:10063144[XXXX................]-,16:46934230[.X...X..X......X....]+,9:19530499[...X.X...X.......X..]+,23:2933348[X.X...X........X....]+,10:4139382[..X...............X.]-,5:65568228[.X...X.........X.X..]-,KN150467.1:2256[.X...X.........X.X..]+,13:35554065[...X.X..XX..........]+,18:49069065[..X.....X..........X]-,7:26137603[X.......X......X..X.]-,12:2822905[......XXX..........X]-,12:33130898[..X...X.X....X......]-	,,,,,,,,,,,,,,,,,,,,,,,,,,,,,	0.35,0.24,0.08,0.06,0.05,0.04,0.04,0.03,0.03,0.03,0.03,0.03,0.03,0.02,0.02,0.02,0.02,0.02,0.02,0.02,0.02,0.02,0.02,0.02,0.02,0.01,0.01,0.01,0.01,0.01
yourseq	302	325	+	Gg18NGG	GCTAAACTCGAACAGGACTTTGG	GGTAAACTCGAACAGGACTT	t7	38	30	0	0	176	10.673882	19:41738979[....X..........X.X..]+,15:39229401[......X.X.....X.....]-,4:74790812[.X.....X.....XX.....]-,15:25221709[.X.....X.....XX.....]+,17:3538317[.X.....X.....XX.....]+,13:2097442[.X.....X.....XX.....]-,15:11424488[.X.....X.....XX.....]-,2:5235938[.X.....X.....XX.....]-,4:75555367[.X.....X.....XX.....]+,4:75557560[.X.....X.....XX.....]+,3:3910131[.X.....X.....XX.....]-,5:51875187[.X.....X.....XX.....]+,7:63538336[.X.....X.....XX.....]+,4:35161820[.X.....X.....XX.....]-,4:71573345[.X.....X.....XX.....]-,4:71575513[.X.....X.....XX.....]-,5:3467948[.X.....X.....XX.....]-,25:34561130[.X.....X.....XX.....]+,7:18162501[.X.....X.....XX.....]-,8:46864957[.X.....X.....XX.....]-,7:56565626[.X.....X.....XX.....]-,8:46800751[.X.....X.....XX.....]-,24:2098793[.X.....X.....XX.....]-,15:27559134[........XX.X...X....]-,6:56530853[X......XX.X.........]-,25:30216763[X.......X....XX.....]-,21:897962[.......X.....XX.....]-,20:3450442[.......X.X...XX.....]-,17:9852686[.X.....X.....XX.....]-,19:41153005[.X.....X.....XX.....]+	,,,,,,,,,,,,,,,,,,,,,,,,,,,,,	0.39,0.38,0.34,0.34,0.34,0.34,0.34,0.34,0.34,0.34,0.34,0.34,0.34,0.34,0.34,0.34,0.34,0.34,0.34,0.34,0.34,0.34,0.34,0.27,0.12,0.11,0.10,0.10,0.09,0.09
