gene,position,strand,spacer,pam,gc_content,on_target_score,offtarget_hits_0mm,offtarget_hits_1mm,offtarget_hits_2mm,offtarget_hits_3mm,offtarget_penalty,specificity_score,total_strains,perfect_match_strains,one_mismatch_or_better_strains,pam_supported_strains,perfect_match_fraction,one_mismatch_or_better_fraction,pam_supported_fraction,conservation_score,mean_strain_score,min_strain_score,std_strain_score,final_score,classification,guide_key,weight_scheme,final_score_new,classification_new,rank_on_target,rank_off_target,rank_conservation,rank_final,consensus_score,rank_consensus
blaKPC,171,+,AGAGCCTTACTGCCCGAAGG,CGG,60.0,82.0,0,0,0,0,0,100.0,3,3,3,3,1.0,1.0,1.0,100.0,100.0,100.0,0.0,92.8,Excellent,blaKPC|171|AGAGCCTTACTGCCCGAAGG,40/30/30,92.8,Excellent,3.0,1.0,1.0,3.0,94.0,3.0
blaKPC,174,+,GCCTTACTGCCCGAAGGCGG,CGG,70.0,82.0,0,0,0,0,0,100.0,3,3,3,3,1.0,1.0,1.0,100.0,100.0,100.0,0.0,92.8,Excellent,blaKPC|174|GCCTTACTGCCCGAAGGCGG,40/30/30,92.8,Excellent,3.0,1.0,1.0,3.0,94.0,3.0
blaKPC,248,+,CGGCTCCATCGGTGTGTACG,CGG,65.0,82.0,0,0,0,0,0,100.0,3,3,3,3,1.0,1.0,1.0,100.0,100.0,100.0,0.0,92.8,Excellent,blaKPC|248|CGGCTCCATCGGTGTGTACG,40/30/30,92.8,Excellent,3.0,1.0,1.0,3.0,94.0,3.0
blaKPC,282,-,AGCGACGGAATAGTGTATGG,CGG,50.0,82.0,0,0,0,0,0,100.0,3,3,3,3,1.0,1.0,1.0,100.0,100.0,100.0,0.0,92.8,Excellent,blaKPC|282|AGCGACGGAATAGTGTATGG,40/30/30,92.8,Excellent,3.0,1.0,1.0,3.0,94.0,3.0
blaKPC,205,-,AGCGACGGAATAGTGTATGG,CGG,50.0,82.0,0,0,0,0,0,100.0,3,3,3,3,1.0,1.0,1.0,100.0,100.0,100.0,0.0,92.8,Excellent,blaKPC|205|AGCGACGGAATAGTGTATGG,40/30/30,92.8,Excellent,3.0,1.0,1.0,3.0,94.0,3.0
blaKPC,81,-,AGCAGCAGCAGCAACAACGG,CGG,60.0,82.0,0,0,0,0,0,100.0,3,3,3,3,1.0,1.0,1.0,100.0,100.0,100.0,0.0,92.8,Excellent,blaKPC|81|AGCAGCAGCAGCAACAACGG,40/30/30,92.8,Excellent,3.0,1.0,1.0,3.0,94.0,3.0
blaKPC,78,-,AGCAGCAGCAACAACGGCGG,CGG,65.0,82.0,0,0,0,0,0,100.0,3,3,3,3,1.0,1.0,1.0,100.0,100.0,100.0,0.0,92.8,Excellent,blaKPC|78|AGCAGCAGCAACAACGGCGG,40/30/30,92.8,Excellent,3.0,1.0,1.0,3.0,94.0,3.0
blaKPC,38,-,AACAAGGATGACAAGCACAG,CGG,45.0,82.0,0,0,0,0,0,100.0,3,3,3,3,1.0,1.0,1.0,100.0,100.0,100.0,0.0,92.8,Excellent,blaKPC|38|AACAAGGATGACAAGCACAG,40/30/30,92.8,Excellent,3.0,1.0,1.0,3.0,94.0,3.0
blaKPC,44,+,TGCTTGTCATCCTTGTTAGG,CGG,45.0,80.0,0,0,0,0,0,100.0,3,3,3,3,1.0,1.0,1.0,100.0,100.0,100.0,0.0,92.0,Excellent,blaKPC|44|TGCTTGTCATCCTTGTTAGG,40/30/30,92.0,Excellent,25.0,1.0,1.0,23.0,93.33333333333333,23.0
blaKPC,47,+,TTGTCATCCTTGTTAGGCGG,CGG,50.0,80.0,0,0,0,0,0,100.0,3,3,3,3,1.0,1.0,1.0,100.0,100.0,100.0,0.0,92.0,Excellent,blaKPC|47|TTGTCATCCTTGTTAGGCGG,40/30/30,92.0,Excellent,25.0,1.0,1.0,23.0,93.33333333333333,23.0
blaKPC,83,+,GCCGTTGTTGCTGCTGCTGC,TGG,65.0,80.0,0,0,0,0,0,100.0,3,3,3,3,1.0,1.0,1.0,100.0,100.0,100.0,0.0,92.0,Excellent,blaKPC|83|GCCGTTGTTGCTGCTGCTGC,40/30/30,92.0,Excellent,25.0,1.0,1.0,23.0,93.33333333333333,23.0
blaKPC,96,+,CTGCTGCTGGCTGTTGCTGC,TGG,65.0,80.0,0,0,0,0,0,100.0,3,3,3,3,1.0,1.0,1.0,100.0,100.0,100.0,0.0,92.0,Excellent,blaKPC|96|CTGCTGCTGGCTGTTGCTGC,40/30/30,92.0,Excellent,25.0,1.0,1.0,23.0,93.33333333333333,23.0
blaKPC,100,+,TGCTGGCTGTTGCTGCTGGC,TGG,65.0,78.0,0,0,0,0,0,100.0,3,3,3,3,1.0,1.0,1.0,100.0,100.0,100.0,0.0,91.2,Excellent,blaKPC|100|TGCTGGCTGTTGCTGCTGGC,40/30/30,91.2,Excellent,66.0,1.0,1.0,61.0,92.66666666666667,61.0
blaKPC,107,+,TGTTGCTGCTGGCTGGCTGC,TGG,65.0,78.0,0,0,0,0,0,100.0,3,3,3,3,1.0,1.0,1.0,100.0,100.0,100.0,0.0,91.2,Excellent,blaKPC|107|TGTTGCTGCTGGCTGGCTGC,40/30/30,91.2,Excellent,66.0,1.0,1.0,61.0,92.66666666666667,61.0
blaKPC,184,-,GGCGATAACGCCGCCGCCTT,CGG,70.0,78.0,0,0,0,0,0,100.0,3,3,3,3,1.0,1.0,1.0,100.0,100.0,100.0,0.0,91.2,Excellent,blaKPC|184|GGCGATAACGCCGCCGCCTT,40/30/30,91.2,Excellent,66.0,1.0,1.0,61.0,92.66666666666667,61.0
blaKPC,84,-,GCCAGCAGCAGCAGCAACAA,CGG,60.0,78.0,0,0,0,0,0,100.0,3,3,3,3,1.0,1.0,1.0,100.0,100.0,100.0,0.0,91.2,Excellent,blaKPC|84|GCCAGCAGCAGCAGCAACAA,40/30/30,91.2,Excellent,66.0,1.0,1.0,61.0,92.66666666666667,61.0
blaKPC,54,-,GATAACGCCGCCGCCTAACA,AGG,60.0,78.0,0,0,0,0,0,100.0,3,3,3,3,1.0,1.0,1.0,100.0,100.0,100.0,0.0,91.2,Excellent,blaKPC|54|GATAACGCCGCCGCCTAACA,40/30/30,91.2,Excellent,66.0,1.0,1.0,61.0,92.66666666666667,61.0
blaKPC,168,+,TTCAGAGCCTTACTGCCCGA,AGG,55.0,76.0,0,0,0,0,0,100.0,3,3,3,3,1.0,1.0,1.0,100.0,100.0,100.0,0.0,90.4,Excellent,blaKPC|168|TTCAGAGCCTTACTGCCCGA,40/30/30,90.4,Excellent,109.0,1.0,1.0,102.0,92.0,102.0
blaKPC,218,+,TTCCGTCGCTAAACTCGAAC,AGG,50.0,76.0,0,0,0,0,0,100.0,3,3,3,3,1.0,1.0,1.0,100.0,100.0,100.0,0.0,90.4,Excellent,blaKPC|218|TTCCGTCGCTAAACTCGAAC,40/30/30,90.4,Excellent,109.0,1.0,1.0,102.0,92.0,102.0
blaKPC,295,+,TTCCGTCGCTAAACTCGAAC,AGG,50.0,76.0,0,0,0,0,0,100.0,3,3,3,3,1.0,1.0,1.0,100.0,100.0,100.0,0.0,90.4,Excellent,blaKPC|295|TTCCGTCGCTAAACTCGAAC,40/30/30,90.4,Excellent,109.0,1.0,1.0,102.0,92.0,102.0
blaKPC,183,-,GCGATAACGCCGCCGCCTTC,GGG,70.0,75.0,0,0,0,0,0,100.0,3,3,3,3,1.0,1.0,1.0,100.0,100.0,100.0,0.0,90.0,Excellent,blaKPC|183|GCGATAACGCCGCCGCCTTC,40/30/30,90.0,Excellent,117.0,1.0,1.0,109.0,91.66666666666667,109.0
blaKPC,297,-,GTCCTGTTCGAGTTTAGCGA,CGG,50.0,70.0,0,0,0,0,0,100.0,3,3,3,3,1.0,1.0,1.0,100.0,100.0,100.0,0.0,88.0,Excellent,blaKPC|297|GTCCTGTTCGAGTTTAGCGA,40/30/30,88.0,Excellent,133.0,1.0,1.0,123.0,90.0,123.0
blaKPC,285,-,TTTAGCGACGGAATAGTGTA,TGG,40.0,70.0,0,0,0,0,0,100.0,3,3,3,3,1.0,1.0,1.0,100.0,100.0,100.0,0.0,88.0,Excellent,blaKPC|285|TTTAGCGACGGAATAGTGTA,40/30/30,88.0,Excellent,133.0,1.0,1.0,123.0,90.0,123.0
blaKPC,220,-,GTCCTGTTCGAGTTTAGCGA,CGG,50.0,70.0,0,0,0,0,0,100.0,3,3,3,3,1.0,1.0,1.0,100.0,100.0,100.0,0.0,88.0,Excellent,blaKPC|220|GTCCTGTTCGAGTTTAGCGA,40/30/30,88.0,Excellent,133.0,1.0,1.0,123.0,90.0,123.0
blaKPC,208,-,TTTAGCGACGGAATAGTGTA,TGG,40.0,70.0,0,0,0,0,0,100.0,3,3,3,3,1.0,1.0,1.0,100.0,100.0,100.0,0.0,88.0,Excellent,blaKPC|208|TTTAGCGACGGAATAGTGTA,40/30/30,88.0,Excellent,133.0,1.0,1.0,123.0,90.0,123.0
blaKPC,14,-,AGCAAGACAGCAGAACTAGA,CGG,45.0,78.0,0,0,1,0,8,85.2,3,3,3,3,1.0,1.0,1.0,100.0,100.0,100.0,0.0,86.8,Excellent,blaKPC|14|AGCAAGACAGCAGAACTAGA,40/30/30,86.8,Excellent,66.0,136.0,1.0,131.0,87.73333333333333,130.0
blaKPC,251,+,CTCCATCGGTGTGTACGCGG,CGG,65.0,82.0,0,1,0,0,20,67.0,3,3,3,3,1.0,1.0,1.0,100.0,100.0,100.0,0.0,82.9,Good,blaKPC|251|CTCCATCGGTGTGTACGCGG,40/30/30,82.9,Good,3.0,137.0,1.0,137.0,83.0,137.0
blaKPC,225,+,GCTAAACTCGAACAGGACTT,TGG,45.0,80.0,1,0,0,0,50,36.8,3,3,3,3,1.0,1.0,1.0,100.0,100.0,100.0,0.0,73.0,Good,blaKPC|225|GCTAAACTCGAACAGGACTT,40/30/30,73.0,Good,25.0,138.0,1.0,139.0,72.26666666666667,139.0
blaKPC,302,+,GCTAAACTCGAACAGGACTT,TGG,45.0,80.0,1,0,0,0,50,36.8,3,3,3,3,1.0,1.0,1.0,100.0,100.0,100.0,0.0,73.0,Good,blaKPC|302|GCTAAACTCGAACAGGACTT,40/30/30,73.0,Good,25.0,138.0,1.0,139.0,72.26666666666667,139.0
blaKPC,41,+,CTGTGCTTGTCATCCTTGTT,AGG,45.0,78.0,1,0,0,0,50,36.8,3,3,3,3,1.0,1.0,1.0,100.0,100.0,100.0,0.0,72.2,Good,blaKPC|41|CTGTGCTTGTCATCCTTGTT,40/30/30,72.2,Good,66.0,138.0,1.0,141.0,71.60000000000001,141.0
blaKPC,228,+,AAACTCGAACAGGACTTTGG,CGG,45.0,74.0,1,0,0,0,50,36.8,3,3,3,3,1.0,1.0,1.0,100.0,100.0,100.0,0.0,70.6,Good,blaKPC|228|AAACTCGAACAGGACTTTGG,40/30/30,70.6,Good,128.0,138.0,1.0,142.0,70.26666666666667,142.0
blaKPC,305,+,AAACTCGAACAGGACTTTGG,CGG,45.0,74.0,1,0,0,0,50,36.8,3,3,3,3,1.0,1.0,1.0,100.0,100.0,100.0,0.0,70.6,Good,blaKPC|305|AAACTCGAACAGGACTTTGG,40/30/30,70.6,Good,128.0,138.0,1.0,142.0,70.26666666666667,142.0
blaKPC,237,+,CAGGACTTTGGCGGCTCCAT,CGG,60.0,70.0,1,0,0,0,50,36.8,3,3,3,3,1.0,1.0,1.0,100.0,100.0,100.0,0.0,69.0,Moderate,blaKPC|237|CAGGACTTTGGCGGCTCCAT,40/30/30,69.0,Moderate,133.0,138.0,1.0,144.0,68.93333333333334,144.0
blaKPC,314,+,CAGGACTTTGGCGGCTCCAT,CGG,60.0,70.0,1,0,0,0,50,36.8,3,3,3,3,1.0,1.0,1.0,100.0,100.0,100.0,0.0,69.0,Moderate,blaKPC|314|CAGGACTTTGGCGGCTCCAT,40/30/30,69.0,Moderate,133.0,138.0,1.0,144.0,68.93333333333334,144.0
blaNDM1,221,+,AATGGTTCGGTATGCGGGCG,TGG,60.0,84.0,0,0,0,0,0,100.0,3,3,3,3,1.0,1.0,1.0,100.0,100.0,100.0,0.0,93.6,Excellent,blaNDM1|221|AATGGTTCGGTATGCGGGCG,40/30/30,93.6,Excellent,1.0,1.0,1.0,1.0,94.66666666666667,1.0
blaNDM1,308,+,AATGGTTCGGTATGCGGGCG,TGG,60.0,84.0,0,0,0,0,0,100.0,3,3,3,3,1.0,1.0,1.0,100.0,100.0,100.0,0.0,93.6,Excellent,blaNDM1|308|AATGGTTCGGTATGCGGGCG,40/30/30,93.6,Excellent,1.0,1.0,1.0,1.0,94.66666666666667,1.0
blaNDM1,51,+,GCCGCTGCATTGATGCTGAG,CGG,60.0,82.0,0,0,0,0,0,100.0,3,3,3,3,1.0,1.0,1.0,100.0,100.0,100.0,0.0,92.8,Excellent,blaNDM1|51|GCCGCTGCATTGATGCTGAG,40/30/30,92.8,Excellent,3.0,1.0,1.0,3.0,94.0,3.0
blaNDM1,77,+,CCCGCTGCATTGATGCTGAG,CGG,60.0,82.0,0,0,0,0,0,100.0,3,3,3,3,1.0,1.0,1.0,100.0,100.0,100.0,0.0,92.8,Excellent,blaNDM1|77|CCCGCTGCATTGATGCTGAG,40/30/30,92.8,Excellent,3.0,1.0,1.0,3.0,94.0,3.0
blaNDM1,215,+,ACGCCCAATGGTTCGGTATG,CGG,55.0,82.0,0,0,0,0,0,100.0,3,3,3,3,1.0,1.0,1.0,100.0,100.0,100.0,0.0,92.8,Excellent,blaNDM1|215|ACGCCCAATGGTTCGGTATG,40/30/30,92.8,Excellent,3.0,1.0,1.0,3.0,94.0,3.0
blaNDM1,302,+,ACGCCCAATGGTTCGGTATG,CGG,55.0,82.0,0,0,0,0,0,100.0,3,3,3,3,1.0,1.0,1.0,100.0,100.0,100.0,0.0,92.8,Excellent,blaNDM1|302|ACGCCCAATGGTTCGGTATG,40/30/30,92.8,Excellent,3.0,1.0,1.0,3.0,94.0,3.0
blaNDM1,290,-,CCATTGGGCGTTGGTCACGG,CGG,65.0,82.0,0,0,0,0,0,100.0,3,3,3,3,1.0,1.0,1.0,100.0,100.0,100.0,0.0,92.8,Excellent,blaNDM1|290|CCATTGGGCGTTGGTCACGG,40/30/30,92.8,Excellent,3.0,1.0,1.0,3.0,94.0,3.0
blaNDM1,203,-,CCATTGGGCGTTGGTCACGG,CGG,65.0,82.0,0,0,0,0,0,100.0,3,3,3,3,1.0,1.0,1.0,100.0,100.0,100.0,0.0,92.8,Excellent,blaNDM1|203|CCATTGGGCGTTGGTCACGG,40/30/30,92.8,Excellent,3.0,1.0,1.0,3.0,94.0,3.0
blaNDM1,104,-,GATCGCCAGCATCAATGCAG,CGG,55.0,82.0,0,0,0,0,0,100.0,3,3,3,3,1.0,1.0,1.0,100.0,100.0,100.0,0.0,92.8,Excellent,blaNDM1|104|GATCGCCAGCATCAATGCAG,40/30/30,92.8,Excellent,3.0,1.0,1.0,3.0,94.0,3.0
blaNDM1,78,-,CCCGCTCAGCATCAATGCAG,CGG,60.0,82.0,0,0,0,0,0,100.0,3,3,3,3,1.0,1.0,1.0,100.0,100.0,100.0,0.0,92.8,Excellent,blaNDM1|78|CCCGCTCAGCATCAATGCAG,40/30/30,92.8,Excellent,3.0,1.0,1.0,3.0,94.0,3.0
blaNDM1,52,-,CCCGCTCAGCATCAATGCAG,CGG,60.0,82.0,0,0,0,0,0,100.0,3,3,3,3,1.0,1.0,1.0,100.0,100.0,100.0,0.0,92.8,Excellent,blaNDM1|52|CCCGCTCAGCATCAATGCAG,40/30/30,92.8,Excellent,3.0,1.0,1.0,3.0,94.0,3.0
blaNDM1,43,-,CATCAATGCAGCGGCTAATG,CGG,50.0,82.0,0,0,0,0,0,100.0,3,3,3,3,1.0,1.0,1.0,100.0,100.0,100.0,0.0,92.8,Excellent,blaNDM1|43|CATCAATGCAGCGGCTAATG,40/30/30,92.8,Excellent,3.0,1.0,1.0,3.0,94.0,3.0
blaNDM1,99,+,GGTGCCCGCTGCATTGATGC,TGG,65.0,80.0,0,0,0,0,0,100.0,3,3,3,3,1.0,1.0,1.0,100.0,100.0,100.0,0.0,92.0,Excellent,blaNDM1|99|GGTGCCCGCTGCATTGATGC,40/30/30,92.0,Excellent,25.0,1.0,1.0,23.0,93.33333333333333,23.0
blaNDM1,107,+,CTGCATTGATGCTGGCGATC,TGG,55.0,80.0,0,0,0,0,0,100.0,3,3,3,3,1.0,1.0,1.0,100.0,100.0,100.0,0.0,92.0,Excellent,blaNDM1|107|CTGCATTGATGCTGGCGATC,40/30/30,92.0,Excellent,25.0,1.0,1.0,23.0,93.33333333333333,23.0
blaNDM1,203,+,CCGCCGTGACCAACGCCCAA,TGG,70.0,80.0,0,0,0,0,0,100.0,3,3,3,3,1.0,1.0,1.0,100.0,100.0,100.0,0.0,92.0,Excellent,blaNDM1|203|CCGCCGTGACCAACGCCCAA,40/30/30,92.0,Excellent,25.0,1.0,1.0,23.0,93.33333333333333,23.0
blaNDM1,229,+,GGTATGCGGGCGTGGCGATC,TGG,70.0,80.0,0,0,0,0,0,100.0,3,3,3,3,1.0,1.0,1.0,100.0,100.0,100.0,0.0,92.0,Excellent,blaNDM1|229|GGTATGCGGGCGTGGCGATC,40/30/30,92.0,Excellent,25.0,1.0,1.0,23.0,93.33333333333333,23.0
blaNDM1,290,+,CCGCCGTGACCAACGCCCAA,TGG,70.0,80.0,0,0,0,0,0,100.0,3,3,3,3,1.0,1.0,1.0,100.0,100.0,100.0,0.0,92.0,Excellent,blaNDM1|290|CCGCCGTGACCAACGCCCAA,40/30/30,92.0,Excellent,25.0,1.0,1.0,23.0,93.33333333333333,23.0
blaNDM1,306,-,ACGCCCGCATACCGAACCAT,TGG,60.0,80.0,0,0,0,0,0,100.0,3,3,3,3,1.0,1.0,1.0,100.0,100.0,100.0,0.0,92.0,Excellent,blaNDM1|306|ACGCCCGCATACCGAACCAT,40/30/30,92.0,Excellent,25.0,1.0,1.0,23.0,93.33333333333333,23.0
blaNDM1,299,-,CATACCGAACCATTGGGCGT,TGG,55.0,80.0,0,0,0,0,0,100.0,3,3,3,3,1.0,1.0,1.0,100.0,100.0,100.0,0.0,92.0,Excellent,blaNDM1|299|CATACCGAACCATTGGGCGT,40/30/30,92.0,Excellent,25.0,1.0,1.0,23.0,93.33333333333333,23.0
blaNDM1,219,-,ACGCCCGCATACCGAACCAT,TGG,60.0,80.0,0,0,0,0,0,100.0,3,3,3,3,1.0,1.0,1.0,100.0,100.0,100.0,0.0,92.0,Excellent,blaNDM1|219|ACGCCCGCATACCGAACCAT,40/30/30,92.0,Excellent,25.0,1.0,1.0,23.0,93.33333333333333,23.0
blaNDM1,212,-,CATACCGAACCATTGGGCGT,TGG,55.0,80.0,0,0,0,0,0,100.0,3,3,3,3,1.0,1.0,1.0,100.0,100.0,100.0,0.0,92.0,Excellent,blaNDM1|212|CATACCGAACCATTGGGCGT,40/30/30,92.0,Excellent,25.0,1.0,1.0,23.0,93.33333333333333,23.0
blaNDM1,10,-,CGCGACCGGGTGCATAATAT,TGG,55.0,80.0,0,0,0,0,0,100.0,3,3,3,3,1.0,1.0,1.0,100.0,100.0,100.0,0.0,92.0,Excellent,blaNDM1|10|CGCGACCGGGTGCATAATAT,40/30/30,92.0,Excellent,25.0,1.0,1.0,23.0,93.33333333333333,23.0
blaNDM1,5,+,ATTGCCCAATATTATGCACC,CGG,40.0,78.0,0,0,0,0,0,100.0,3,3,3,3,1.0,1.0,1.0,100.0,100.0,100.0,0.0,91.2,Excellent,blaNDM1|5|ATTGCCCAATATTATGCACC,40/30/30,91.2,Excellent,66.0,1.0,1.0,61.0,92.66666666666667,61.0
blaNDM1,180,+,CACTTCCTATCTCGACATGC,CGG,50.0,78.0,0,0,0,0,0,100.0,3,3,3,3,1.0,1.0,1.0,100.0,100.0,100.0,0.0,91.2,Excellent,blaNDM1|180|CACTTCCTATCTCGACATGC,40/30/30,91.2,Excellent,66.0,1.0,1.0,61.0,92.66666666666667,61.0
blaNDM1,208,+,GTGACCAACGCCCAATGGTT,CGG,55.0,78.0,0,0,0,0,0,100.0,3,3,3,3,1.0,1.0,1.0,100.0,100.0,100.0,0.0,91.2,Excellent,blaNDM1|208|GTGACCAACGCCCAATGGTT,40/30/30,91.2,Excellent,66.0,1.0,1.0,61.0,92.66666666666667,61.0
blaNDM1,267,+,CACTTCCTATCTCGACATGC,CGG,50.0,78.0,0,0,0,0,0,100.0,3,3,3,3,1.0,1.0,1.0,100.0,100.0,100.0,0.0,91.2,Excellent,blaNDM1|267|CACTTCCTATCTCGACATGC,40/30/30,91.2,Excellent,66.0,1.0,1.0,61.0,92.66666666666667,61.0
blaNDM1,295,+,GTGACCAACGCCCAATGGTT,CGG,55.0,78.0,0,0,0,0,0,100.0,3,3,3,3,1.0,1.0,1.0,100.0,100.0,100.0,0.0,91.2,Excellent,blaNDM1|295|GTGACCAACGCCCAATGGTT,40/30/30,91.2,Excellent,66.0,1.0,1.0,61.0,92.66666666666667,61.0
blaNDM1,293,-,GAACCATTGGGCGTTGGTCA,CGG,55.0,78.0,0,0,0,0,0,100.0,3,3,3,3,1.0,1.0,1.0,100.0,100.0,100.0,0.0,91.2,Excellent,blaNDM1|293|GAACCATTGGGCGTTGGTCA,40/30/30,91.2,Excellent,66.0,1.0,1.0,61.0,92.66666666666667,61.0
blaNDM1,272,-,GGCGGCCGGCATGTCGAGAT,AGG,70.0,78.0,0,0,0,0,0,100.0,3,3,3,3,1.0,1.0,1.0,100.0,100.0,100.0,0.0,91.2,Excellent,blaNDM1|272|GGCGGCCGGCATGTCGAGAT,40/30/30,91.2,Excellent,66.0,1.0,1.0,61.0,92.66666666666667,61.0
blaNDM1,206,-,GAACCATTGGGCGTTGGTCA,CGG,55.0,78.0,0,0,0,0,0,100.0,3,3,3,3,1.0,1.0,1.0,100.0,100.0,100.0,0.0,91.2,Excellent,blaNDM1|206|GAACCATTGGGCGTTGGTCA,40/30/30,91.2,Excellent,66.0,1.0,1.0,61.0,92.66666666666667,61.0
blaNDM1,185,-,GGCGGCCGGCATGTCGAGAT,AGG,70.0,78.0,0,0,0,0,0,100.0,3,3,3,3,1.0,1.0,1.0,100.0,100.0,100.0,0.0,91.2,Excellent,blaNDM1|185|GGCGGCCGGCATGTCGAGAT,40/30/30,91.2,Excellent,66.0,1.0,1.0,61.0,92.66666666666667,61.0
blaNDM1,24,-,GCGGTGCTCAGCTTCGCGAC,CGG,70.0,78.0,0,0,0,0,0,100.0,3,3,3,3,1.0,1.0,1.0,100.0,100.0,100.0,0.0,91.2,Excellent,blaNDM1|24|GCGGTGCTCAGCTTCGCGAC,40/30/30,91.2,Excellent,66.0,1.0,1.0,61.0,92.66666666666667,61.0
blaNDM1,52,+,CCGCTGCATTGATGCTGAGC,GGG,60.0,75.0,0,0,0,0,0,100.0,3,3,3,3,1.0,1.0,1.0,100.0,100.0,100.0,0.0,90.0,Excellent,blaNDM1|52|CCGCTGCATTGATGCTGAGC,40/30/30,90.0,Excellent,117.0,1.0,1.0,109.0,91.66666666666667,109.0
blaNDM1,78,+,CCGCTGCATTGATGCTGAGC,GGG,60.0,75.0,0,0,0,0,0,100.0,3,3,3,3,1.0,1.0,1.0,100.0,100.0,100.0,0.0,90.0,Excellent,blaNDM1|78|CCGCTGCATTGATGCTGAGC,40/30/30,90.0,Excellent,117.0,1.0,1.0,109.0,91.66666666666667,109.0
blaNDM1,216,+,CGCCCAATGGTTCGGTATGC,GGG,60.0,75.0,0,0,0,0,0,100.0,3,3,3,3,1.0,1.0,1.0,100.0,100.0,100.0,0.0,90.0,Excellent,blaNDM1|216|CGCCCAATGGTTCGGTATGC,40/30/30,90.0,Excellent,117.0,1.0,1.0,109.0,91.66666666666667,109.0
blaNDM1,303,+,CGCCCAATGGTTCGGTATGC,GGG,60.0,75.0,0,0,0,0,0,100.0,3,3,3,3,1.0,1.0,1.0,100.0,100.0,100.0,0.0,90.0,Excellent,blaNDM1|303|CGCCCAATGGTTCGGTATGC,40/30/30,90.0,Excellent,117.0,1.0,1.0,109.0,91.66666666666667,109.0
blaNDM1,305,-,CGCCCGCATACCGAACCATT,GGG,60.0,75.0,0,0,0,0,0,100.0,3,3,3,3,1.0,1.0,1.0,100.0,100.0,100.0,0.0,90.0,Excellent,blaNDM1|305|CGCCCGCATACCGAACCATT,40/30/30,90.0,Excellent,117.0,1.0,1.0,109.0,91.66666666666667,109.0
blaNDM1,218,-,CGCCCGCATACCGAACCATT,GGG,60.0,75.0,0,0,0,0,0,100.0,3,3,3,3,1.0,1.0,1.0,100.0,100.0,100.0,0.0,90.0,Excellent,blaNDM1|218|CGCCCGCATACCGAACCATT,40/30/30,90.0,Excellent,117.0,1.0,1.0,109.0,91.66666666666667,109.0
blaNDM1,103,-,ATCGCCAGCATCAATGCAGC,GGG,55.0,75.0,0,0,0,0,0,100.0,3,3,3,3,1.0,1.0,1.0,100.0,100.0,100.0,0.0,90.0,Excellent,blaNDM1|103|ATCGCCAGCATCAATGCAGC,40/30/30,90.0,Excellent,117.0,1.0,1.0,109.0,91.66666666666667,109.0
blaNDM1,77,-,CCGCTCAGCATCAATGCAGC,GGG,60.0,75.0,0,0,0,0,0,100.0,3,3,3,3,1.0,1.0,1.0,100.0,100.0,100.0,0.0,90.0,Excellent,blaNDM1|77|CCGCTCAGCATCAATGCAGC,40/30/30,90.0,Excellent,117.0,1.0,1.0,109.0,91.66666666666667,109.0
blaNDM1,23,-,CGGTGCTCAGCTTCGCGACC,GGG,70.0,75.0,0,0,0,0,0,100.0,3,3,3,3,1.0,1.0,1.0,100.0,100.0,100.0,0.0,90.0,Excellent,blaNDM1|23|CGGTGCTCAGCTTCGCGACC,40/30/30,90.0,Excellent,117.0,1.0,1.0,109.0,91.66666666666667,109.0
blaNDM1,9,-,GCGACCGGGTGCATAATATT,GGG,50.0,75.0,0,0,0,0,0,100.0,3,3,3,3,1.0,1.0,1.0,100.0,100.0,100.0,0.0,90.0,Excellent,blaNDM1|9|GCGACCGGGTGCATAATATT,40/30/30,90.0,Excellent,117.0,1.0,1.0,109.0,91.66666666666667,109.0
blaNDM1,239,+,CGTGGCGATCTGGTTTTCGA,TGG,55.0,60.0,0,0,0,0,0,100.0,3,3,3,3,1.0,1.0,1.0,100.0,100.0,100.0,0.0,84.0,Good,blaNDM1|239|CGTGGCGATCTGGTTTTCGA,40/30/30,84.0,Good,142.0,1.0,1.0,132.0,86.66666666666667,132.0
blaNDM1,119,+,TGGCGATCTGGTTTTCGATC,TGG,50.0,58.0,0,0,0,0,0,100.0,3,3,3,3,1.0,1.0,1.0,100.0,100.0,100.0,0.0,83.2,Good,blaNDM1|119|TGGCGATCTGGTTTTCGATC,40/30/30,83.2,Good,143.0,1.0,1.0,134.0,86.0,133.0
blaNDM1,131,+,TTTCGATCTGGTTTTCGATC,TGG,40.0,58.0,0,0,0,0,0,100.0,3,3,3,3,1.0,1.0,1.0,100.0,100.0,100.0,0.0,83.2,Good,blaNDM1|131|TTTCGATCTGGTTTTCGATC,40/30/30,83.2,Good,143.0,1.0,1.0,134.0,86.0,133.0
blaNDM1,143,+,TTTCGATCTGGTTTTCGATC,TGG,40.0,58.0,0,0,0,0,0,100.0,3,3,3,3,1.0,1.0,1.0,100.0,100.0,100.0,0.0,83.2,Good,blaNDM1|143|TTTCGATCTGGTTTTCGATC,40/30/30,83.2,Good,143.0,1.0,1.0,134.0,86.0,133.0
mcr1,104,+,CTGCTGCTGGCTGCTGCTGG,CGG,70.0,82.0,0,0,0,0,0,100.0,3,3,3,3,1.0,1.0,1.0,100.0,100.0,100.0,0.0,92.8,Excellent,mcr1|104|CTGCTGCTGGCTGCTGCTGG,40/30/30,92.8,Excellent,3.0,1.0,1.0,3.0,94.0,3.0
mcr1,220,+,TCGCCGGTGCTGCTGGTCAG,TGG,70.0,82.0,0,0,0,0,0,100.0,3,3,3,3,1.0,1.0,1.0,100.0,100.0,100.0,0.0,92.8,Excellent,mcr1|220|TCGCCGGTGCTGCTGGTCAG,40/30/30,92.8,Excellent,3.0,1.0,1.0,3.0,94.0,3.0
mcr1,27,+,CGACGCCGTTCTTCTGGTAC,TGG,60.0,80.0,0,0,0,0,0,100.0,3,3,3,3,1.0,1.0,1.0,100.0,100.0,100.0,0.0,92.0,Excellent,mcr1|27|CGACGCCGTTCTTCTGGTAC,40/30/30,92.0,Excellent,25.0,1.0,1.0,23.0,93.33333333333333,23.0
mcr1,31,+,GCCGTTCTTCTGGTACTGGA,TGG,55.0,80.0,0,0,0,0,0,100.0,3,3,3,3,1.0,1.0,1.0,100.0,100.0,100.0,0.0,92.0,Excellent,mcr1|31|GCCGTTCTTCTGGTACTGGA,40/30/30,92.0,Excellent,25.0,1.0,1.0,23.0,93.33333333333333,23.0
mcr1,52,+,GGTGCCGTTGCTGCTGCTGC,TGG,70.0,80.0,0,0,0,0,0,100.0,3,3,3,3,1.0,1.0,1.0,100.0,100.0,100.0,0.0,92.0,Excellent,mcr1|52|GGTGCCGTTGCTGCTGCTGC,40/30/30,92.0,Excellent,25.0,1.0,1.0,23.0,93.33333333333333,23.0
mcr1,91,+,GGTGCTGCTGCTGCTGCTGC,TGG,70.0,80.0,0,0,0,0,0,100.0,3,3,3,3,1.0,1.0,1.0,100.0,100.0,100.0,0.0,92.0,Excellent,mcr1|91|GGTGCTGCTGCTGCTGCTGC,40/30/30,92.0,Excellent,25.0,1.0,1.0,23.0,93.33333333333333,23.0
mcr1,101,+,CTGCTGCTGCTGGCTGCTGC,TGG,70.0,80.0,0,0,0,0,0,100.0,3,3,3,3,1.0,1.0,1.0,100.0,100.0,100.0,0.0,92.0,Excellent,mcr1|101|CTGCTGCTGCTGGCTGCTGC,40/30/30,92.0,Excellent,25.0,1.0,1.0,23.0,93.33333333333333,23.0
mcr1,131,+,GCTGCTGCTGGCTATGCTGC,TGG,65.0,80.0,0,0,0,0,0,100.0,3,3,3,3,1.0,1.0,1.0,100.0,100.0,100.0,0.0,92.0,Excellent,mcr1|131|GCTGCTGCTGGCTATGCTGC,40/30/30,92.0,Excellent,25.0,1.0,1.0,23.0,93.33333333333333,23.0
mcr1,150,+,CTGGTTATCGCCGGTGCTGC,TGG,65.0,80.0,0,0,0,0,0,100.0,3,3,3,3,1.0,1.0,1.0,100.0,100.0,100.0,0.0,92.0,Excellent,mcr1|150|CTGGTTATCGCCGGTGCTGC,40/30/30,92.0,Excellent,25.0,1.0,1.0,23.0,93.33333333333333,23.0
mcr1,171,+,GGTGCTATCGCCGGTGCTGC,TGG,70.0,80.0,0,0,0,0,0,100.0,3,3,3,3,1.0,1.0,1.0,100.0,100.0,100.0,0.0,92.0,Excellent,mcr1|171|GGTGCTATCGCCGGTGCTGC,40/30/30,92.0,Excellent,25.0,1.0,1.0,23.0,93.33333333333333,23.0
mcr1,192,+,GGTGCTATCGCCGGTGCTGC,TGG,70.0,80.0,0,0,0,0,0,100.0,3,3,3,3,1.0,1.0,1.0,100.0,100.0,100.0,0.0,92.0,Excellent,mcr1|192|GGTGCTATCGCCGGTGCTGC,40/30/30,92.0,Excellent,25.0,1.0,1.0,23.0,93.33333333333333,23.0
mcr1,213,+,GGTGCTATCGCCGGTGCTGC,TGG,70.0,80.0,0,0,0,0,0,100.0,3,3,3,3,1.0,1.0,1.0,100.0,100.0,100.0,0.0,92.0,Excellent,mcr1|213|GGTGCTATCGCCGGTGCTGC,40/30/30,92.0,Excellent,25.0,1.0,1.0,23.0,93.33333333333333,23.0
mcr1,241,+,GGCTGTGCCGTGTTCGGTGC,TGG,70.0,80.0,0,0,0,0,0,100.0,3,3,3,3,1.0,1.0,1.0,100.0,100.0,100.0,0.0,92.0,Excellent,mcr1|241|GGCTGTGCCGTGTTCGGTGC,40/30/30,92.0,Excellent,25.0,1.0,1.0,23.0,93.33333333333333,23.0
mcr1,255,+,CGGTGCTGGTATCGCCGTGC,TGG,70.0,80.0,0,0,0,0,0,100.0,3,3,3,3,1.0,1.0,1.0,100.0,100.0,100.0,0.0,92.0,Excellent,mcr1|255|CGGTGCTGGTATCGCCGTGC,40/30/30,92.0,Excellent,25.0,1.0,1.0,23.0,93.33333333333333,23.0
mcr1,258,+,TGCTGGTATCGCCGTGCTGG,CGG,65.0,80.0,0,0,0,0,0,100.0,3,3,3,3,1.0,1.0,1.0,100.0,100.0,100.0,0.0,92.0,Excellent,mcr1|258|TGCTGGTATCGCCGTGCTGG,40/30/30,92.0,Excellent,25.0,1.0,1.0,23.0,93.33333333333333,23.0
mcr1,21,+,TGGTACCGACGCCGTTCTTC,TGG,60.0,78.0,0,0,0,0,0,100.0,3,3,3,3,1.0,1.0,1.0,100.0,100.0,100.0,0.0,91.2,Excellent,mcr1|21|TGGTACCGACGCCGTTCTTC,40/30/30,91.2,Excellent,66.0,1.0,1.0,61.0,92.66666666666667,61.0
mcr1,141,+,GCTATGCTGCTGGTTATCGC,CGG,55.0,78.0,0,0,0,0,0,100.0,3,3,3,3,1.0,1.0,1.0,100.0,100.0,100.0,0.0,91.2,Excellent,mcr1|141|GCTATGCTGCTGGTTATCGC,40/30/30,91.2,Excellent,66.0,1.0,1.0,61.0,92.66666666666667,61.0
mcr1,162,+,GGTGCTGCTGGTGCTATCGC,CGG,65.0,78.0,0,0,0,0,0,100.0,3,3,3,3,1.0,1.0,1.0,100.0,100.0,100.0,0.0,91.2,Excellent,mcr1|162|GGTGCTGCTGGTGCTATCGC,40/30/30,91.2,Excellent,66.0,1.0,1.0,61.0,92.66666666666667,61.0
mcr1,183,+,GGTGCTGCTGGTGCTATCGC,CGG,65.0,78.0,0,0,0,0,0,100.0,3,3,3,3,1.0,1.0,1.0,100.0,100.0,100.0,0.0,91.2,Excellent,mcr1|183|GGTGCTGCTGGTGCTATCGC,40/30/30,91.2,Excellent,66.0,1.0,1.0,61.0,92.66666666666667,61.0
mcr1,204,+,GGTGCTGCTGGTGCTATCGC,CGG,65.0,78.0,0,0,0,0,0,100.0,3,3,3,3,1.0,1.0,1.0,100.0,100.0,100.0,0.0,91.2,Excellent,mcr1|204|GGTGCTGCTGGTGCTATCGC,40/30/30,91.2,Excellent,66.0,1.0,1.0,61.0,92.66666666666667,61.0
mcr1,235,+,GTCAGTGGCTGTGCCGTGTT,CGG,60.0,78.0,0,0,0,0,0,100.0,3,3,3,3,1.0,1.0,1.0,100.0,100.0,100.0,0.0,91.2,Excellent,mcr1|235|GTCAGTGGCTGTGCCGTGTT,40/30/30,91.2,Excellent,66.0,1.0,1.0,61.0,92.66666666666667,61.0
mcr1,285,+,TCTGGTGGTGCTGGTGGTGC,TGG,65.0,78.0,0,0,0,0,0,100.0,3,3,3,3,1.0,1.0,1.0,100.0,100.0,100.0,0.0,91.2,Excellent,mcr1|285|TCTGGTGGTGCTGGTGGTGC,40/30/30,91.2,Excellent,66.0,1.0,1.0,61.0,92.66666666666667,61.0
mcr1,269,-,CACCAGATAAACCGCCAGCA,CGG,55.0,78.0,0,0,0,0,0,100.0,3,3,3,3,1.0,1.0,1.0,100.0,100.0,100.0,0.0,91.2,Excellent,mcr1|269|CACCAGATAAACCGCCAGCA,40/30/30,91.2,Excellent,66.0,1.0,1.0,61.0,92.66666666666667,61.0
mcr1,248,-,GGCGATACCAGCACCGAACA,CGG,60.0,78.0,0,0,0,0,0,100.0,3,3,3,3,1.0,1.0,1.0,100.0,100.0,100.0,0.0,91.2,Excellent,mcr1|248|GGCGATACCAGCACCGAACA,40/30/30,91.2,Excellent,66.0,1.0,1.0,61.0,92.66666666666667,61.0
mcr1,223,-,CAGCCACTGACCAGCAGCAC,CGG,65.0,78.0,0,0,0,0,0,100.0,3,3,3,3,1.0,1.0,1.0,100.0,100.0,100.0,0.0,91.2,Excellent,mcr1|223|CAGCCACTGACCAGCAGCAC,40/30/30,91.2,Excellent,66.0,1.0,1.0,61.0,92.66666666666667,61.0
mcr1,202,-,GGCGATAGCACCAGCAGCAC,CGG,65.0,78.0,0,0,0,0,0,100.0,3,3,3,3,1.0,1.0,1.0,100.0,100.0,100.0,0.0,91.2,Excellent,mcr1|202|GGCGATAGCACCAGCAGCAC,40/30/30,91.2,Excellent,66.0,1.0,1.0,61.0,92.66666666666667,61.0
mcr1,181,-,GGCGATAGCACCAGCAGCAC,CGG,65.0,78.0,0,0,0,0,0,100.0,3,3,3,3,1.0,1.0,1.0,100.0,100.0,100.0,0.0,91.2,Excellent,mcr1|181|GGCGATAGCACCAGCAGCAC,40/30/30,91.2,Excellent,66.0,1.0,1.0,61.0,92.66666666666667,61.0
mcr1,160,-,GGCGATAGCACCAGCAGCAC,CGG,65.0,78.0,0,0,0,0,0,100.0,3,3,3,3,1.0,1.0,1.0,100.0,100.0,100.0,0.0,91.2,Excellent,mcr1|160|GGCGATAGCACCAGCAGCAC,40/30/30,91.2,Excellent,66.0,1.0,1.0,61.0,92.66666666666667,61.0
mcr1,56,-,ATAACCAGCAGCAGCAGCAA,CGG,50.0,78.0,0,0,0,0,0,100.0,3,3,3,3,1.0,1.0,1.0,100.0,100.0,100.0,0.0,91.2,Excellent,mcr1|56|ATAACCAGCAGCAGCAGCAA,40/30/30,91.2,Excellent,66.0,1.0,1.0,61.0,92.66666666666667,61.0
mcr1,32,-,ACCATCCAGTACCAGAAGAA,CGG,45.0,78.0,0,0,0,0,0,100.0,3,3,3,3,1.0,1.0,1.0,100.0,100.0,100.0,0.0,91.2,Excellent,mcr1|32|ACCATCCAGTACCAGAAGAA,40/30/30,91.2,Excellent,66.0,1.0,1.0,61.0,92.66666666666667,61.0
mcr1,26,-,CAGTACCAGAAGAACGGCGT,CGG,55.0,78.0,0,0,0,0,0,100.0,3,3,3,3,1.0,1.0,1.0,100.0,100.0,100.0,0.0,91.2,Excellent,mcr1|26|CAGTACCAGAAGAACGGCGT,40/30/30,91.2,Excellent,66.0,1.0,1.0,61.0,92.66666666666667,61.0
mcr1,270,+,CGTGCTGGCGGTTTATCTGG,TGG,60.0,76.0,0,0,0,0,0,100.0,3,3,3,3,1.0,1.0,1.0,100.0,100.0,100.0,0.0,90.4,Excellent,mcr1|270|CGTGCTGGCGGTTTATCTGG,40/30/30,90.4,Excellent,109.0,1.0,1.0,102.0,92.0,102.0
mcr1,279,+,GGTTTATCTGGTGGTGCTGG,TGG,55.0,76.0,0,0,0,0,0,100.0,3,3,3,3,1.0,1.0,1.0,100.0,100.0,100.0,0.0,90.4,Excellent,mcr1|279|GGTTTATCTGGTGGTGCTGG,40/30/30,90.4,Excellent,109.0,1.0,1.0,102.0,92.0,102.0
mcr1,306,+,GGTTTCGGTGCCGTGATCGG,TGG,65.0,76.0,0,0,0,0,0,100.0,3,3,3,3,1.0,1.0,1.0,100.0,100.0,100.0,0.0,90.4,Excellent,mcr1|306|GGTTTCGGTGCCGTGATCGG,40/30/30,90.4,Excellent,109.0,1.0,1.0,102.0,92.0,102.0
mcr1,70,+,GCTGGTTATGCGTTTGCTGC,TGG,55.0,72.0,0,0,0,0,0,100.0,3,3,3,3,1.0,1.0,1.0,100.0,100.0,100.0,0.0,88.8,Excellent,mcr1|70|GCTGGTTATGCGTTTGCTGC,40/30/30,88.8,Excellent,130.0,1.0,1.0,120.0,90.66666666666667,120.0
mcr1,267,+,CGCCGTGCTGGCGGTTTATC,TGG,65.0,72.0,0,0,0,0,0,100.0,3,3,3,3,1.0,1.0,1.0,100.0,100.0,100.0,0.0,88.8,Excellent,mcr1|267|CGCCGTGCTGGCGGTTTATC,40/30/30,88.8,Excellent,130.0,1.0,1.0,120.0,90.66666666666667,120.0
mcr1,276,+,GGCGGTTTATCTGGTGGTGC,TGG,60.0,72.0,0,0,0,0,0,100.0,3,3,3,3,1.0,1.0,1.0,100.0,100.0,100.0,0.0,88.8,Excellent,mcr1|276|GGCGGTTTATCTGGTGGTGC,40/30/30,88.8,Excellent,130.0,1.0,1.0,120.0,90.66666666666667,120.0
mcr1,291,+,GGTGCTGGTGGTGCTGGTTT,CGG,60.0,70.0,0,0,0,0,0,100.0,3,3,3,3,1.0,1.0,1.0,100.0,100.0,100.0,0.0,88.0,Excellent,mcr1|291|GGTGCTGGTGGTGCTGGTTT,40/30/30,88.0,Excellent,133.0,1.0,1.0,123.0,90.0,123.0
mcr1,303,+,GCTGGTTTCGGTGCCGTGAT,CGG,60.0,70.0,0,0,0,0,0,100.0,3,3,3,3,1.0,1.0,1.0,100.0,100.0,100.0,0.0,88.0,Excellent,mcr1|303|GCTGGTTTCGGTGCCGTGAT,40/30/30,88.0,Excellent,133.0,1.0,1.0,123.0,90.0,123.0
mcr1,312,+,GGTGCCGTGATCGGTGGTGC,TGG,70.0,80.0,0,0,0,0,0,100.0,3,2,3,3,0.6667,1.0,1.0,83.1,90.0,70.0,14.14,86.9,Excellent,mcr1|312|GGTGCCGTGATCGGTGGTGC,40/30/30,86.9,Excellent,25.0,1.0,144.0,130.0,87.7,131.0
mcr1,316,-,TTAACCAGCACCACCGATCA,CGG,50.0,76.0,0,0,0,0,0,100.0,3,1,3,3,0.3333,1.0,1.0,78.1,80.0,70.0,14.14,83.8,Good,mcr1|316|TTAACCAGCACCACCGATCA,40/30/30,83.8,Good,109.0,1.0,145.0,133.0,84.7,136.0
mcr1,1,+,TGATGCAGCATACTTCTGTG,TGG,45.0,82.0,1,0,0,0,50,36.8,3,3,3,3,1.0,1.0,1.0,100.0,100.0,100.0,0.0,73.8,Good,mcr1|1|TGATGCAGCATACTTCTGTG,40/30/30,73.8,Good,3.0,138.0,1.0,138.0,72.93333333333334,138.0
mecA,56,+,ACTGAACGTCCGATAAAGGT,TGG,45.0,80.0,0,0,0,0,0,100.0,3,3,3,3,1.0,1.0,1.0,100.0,100.0,100.0,0.0,92.0,Excellent,mecA|56|ACTGAACGTCCGATAAAGGT,40/30/30,92.0,Excellent,25.0,1.0,1.0,23.0,93.33333333333333,23.0
mecA,107,+,AACGCTGCTGCTATCGGTGC,TGG,60.0,80.0,0,0,0,0,0,100.0,3,3,3,3,1.0,1.0,1.0,100.0,100.0,100.0,0.0,92.0,Excellent,mecA|107|AACGCTGCTGCTATCGGTGC,40/30/30,92.0,Excellent,25.0,1.0,1.0,23.0,93.33333333333333,23.0
mecA,128,+,GGTGCTGCTGCTATCGGTGC,TGG,65.0,80.0,0,0,0,0,0,100.0,3,3,3,3,1.0,1.0,1.0,100.0,100.0,100.0,0.0,92.0,Excellent,mecA|128|GGTGCTGCTGCTATCGGTGC,40/30/30,92.0,Excellent,25.0,1.0,1.0,23.0,93.33333333333333,23.0
mecA,149,+,GGTGCTGCTGCTATCGGTGC,TGG,65.0,80.0,0,0,0,0,0,100.0,3,3,3,3,1.0,1.0,1.0,100.0,100.0,100.0,0.0,92.0,Excellent,mecA|149|GGTGCTGCTGCTATCGGTGC,40/30/30,92.0,Excellent,25.0,1.0,1.0,23.0,93.33333333333333,23.0
mecA,170,+,GGTGCTGCTGCTATCGGTGC,TGG,65.0,80.0,0,0,0,0,0,100.0,3,3,3,3,1.0,1.0,1.0,100.0,100.0,100.0,0.0,92.0,Excellent,mecA|170|GGTGCTGCTGCTATCGGTGC,40/30/30,92.0,Excellent,25.0,1.0,1.0,23.0,93.33333333333333,23.0
mecA,191,+,GGTGCTGCTGCTATCGGTGC,TGG,65.0,80.0,0,0,0,0,0,100.0,3,3,3,3,1.0,1.0,1.0,100.0,100.0,100.0,0.0,92.0,Excellent,mecA|191|GGTGCTGCTGCTATCGGTGC,40/30/30,92.0,Excellent,25.0,1.0,1.0,23.0,93.33333333333333,23.0
mecA,212,+,GGTGCTGCTGCTATCGGTGC,TGG,65.0,80.0,0,0,0,0,0,100.0,3,3,3,3,1.0,1.0,1.0,100.0,100.0,100.0,0.0,92.0,Excellent,mecA|212|GGTGCTGCTGCTATCGGTGC,40/30/30,92.0,Excellent,25.0,1.0,1.0,23.0,93.33333333333333,23.0
mecA,233,+,GGTGCTGCTGCTATCGGTGC,TGG,65.0,80.0,0,0,0,0,0,100.0,3,3,3,3,1.0,1.0,1.0,100.0,100.0,100.0,0.0,92.0,Excellent,mecA|233|GGTGCTGCTGCTATCGGTGC,40/30/30,92.0,Excellent,25.0,1.0,1.0,23.0,93.33333333333333,23.0
mecA,254,+,GGTGCTGCTGCTATCGGTGC,TGG,65.0,80.0,0,0,0,0,0,100.0,3,3,3,3,1.0,1.0,1.0,100.0,100.0,100.0,0.0,92.0,Excellent,mecA|254|GGTGCTGCTGCTATCGGTGC,40/30/30,92.0,Excellent,25.0,1.0,1.0,23.0,93.33333333333333,23.0
mecA,278,+,GCTGCTGCTGTTGCTGATGC,TGG,60.0,80.0,0,0,0,0,0,100.0,3,3,3,3,1.0,1.0,1.0,100.0,100.0,100.0,0.0,92.0,Excellent,mecA|278|GCTGCTGCTGTTGCTGATGC,40/30/30,92.0,Excellent,25.0,1.0,1.0,23.0,93.33333333333333,23.0
mecA,293,+,GATGCTGGTGCTATCGGTGC,TGG,60.0,80.0,0,0,0,0,0,100.0,3,3,3,3,1.0,1.0,1.0,100.0,100.0,100.0,0.0,92.0,Excellent,mecA|293|GATGCTGGTGCTATCGGTGC,40/30/30,92.0,Excellent,25.0,1.0,1.0,23.0,93.33333333333333,23.0
mecA,82,+,TGCTGCTATCGTTGCTGCTA,TGG,50.0,78.0,0,0,0,0,0,100.0,3,3,3,3,1.0,1.0,1.0,100.0,100.0,100.0,0.0,91.2,Excellent,mecA|82|TGCTGCTATCGTTGCTGCTA,40/30/30,91.2,Excellent,66.0,1.0,1.0,61.0,92.66666666666667,61.0
mecA,101,+,ATGGTTAACGCTGCTGCTAT,CGG,45.0,78.0,0,0,0,0,0,100.0,3,3,3,3,1.0,1.0,1.0,100.0,100.0,100.0,0.0,91.2,Excellent,mecA|101|ATGGTTAACGCTGCTGCTAT,40/30/30,91.2,Excellent,66.0,1.0,1.0,61.0,92.66666666666667,61.0
mecA,122,+,GGTGCTGGTGCTGCTGCTAT,CGG,60.0,78.0,0,0,0,0,0,100.0,3,3,3,3,1.0,1.0,1.0,100.0,100.0,100.0,0.0,91.2,Excellent,mecA|122|GGTGCTGGTGCTGCTGCTAT,40/30/30,91.2,Excellent,66.0,1.0,1.0,61.0,92.66666666666667,61.0
mecA,143,+,GGTGCTGGTGCTGCTGCTAT,CGG,60.0,78.0,0,0,0,0,0,100.0,3,3,3,3,1.0,1.0,1.0,100.0,100.0,100.0,0.0,91.2,Excellent,mecA|143|GGTGCTGGTGCTGCTGCTAT,40/30/30,91.2,Excellent,66.0,1.0,1.0,61.0,92.66666666666667,61.0
mecA,164,+,GGTGCTGGTGCTGCTGCTAT,CGG,60.0,78.0,0,0,0,0,0,100.0,3,3,3,3,1.0,1.0,1.0,100.0,100.0,100.0,0.0,91.2,Excellent,mecA|164|GGTGCTGGTGCTGCTGCTAT,40/30/30,91.2,Excellent,66.0,1.0,1.0,61.0,92.66666666666667,61.0
mecA,185,+,GGTGCTGGTGCTGCTGCTAT,CGG,60.0,78.0,0,0,0,0,0,100.0,3,3,3,3,1.0,1.0,1.0,100.0,100.0,100.0,0.0,91.2,Excellent,mecA|185|GGTGCTGGTGCTGCTGCTAT,40/30/30,91.2,Excellent,66.0,1.0,1.0,61.0,92.66666666666667,61.0
mecA,206,+,GGTGCTGGTGCTGCTGCTAT,CGG,60.0,78.0,0,0,0,0,0,100.0,3,3,3,3,1.0,1.0,1.0,100.0,100.0,100.0,0.0,91.2,Excellent,mecA|206|GGTGCTGGTGCTGCTGCTAT,40/30/30,91.2,Excellent,66.0,1.0,1.0,61.0,92.66666666666667,61.0
mecA,227,+,GGTGCTGGTGCTGCTGCTAT,CGG,60.0,78.0,0,0,0,0,0,100.0,3,3,3,3,1.0,1.0,1.0,100.0,100.0,100.0,0.0,91.2,Excellent,mecA|227|GGTGCTGGTGCTGCTGCTAT,40/30/30,91.2,Excellent,66.0,1.0,1.0,61.0,92.66666666666667,61.0
mecA,248,+,GGTGCTGGTGCTGCTGCTAT,CGG,60.0,78.0,0,0,0,0,0,100.0,3,3,3,3,1.0,1.0,1.0,100.0,100.0,100.0,0.0,91.2,Excellent,mecA|248|GGTGCTGGTGCTGCTGCTAT,40/30/30,91.2,Excellent,66.0,1.0,1.0,61.0,92.66666666666667,61.0
mecA,287,+,GTTGCTGATGCTGGTGCTAT,CGG,50.0,78.0,0,0,0,0,0,100.0,3,3,3,3,1.0,1.0,1.0,100.0,100.0,100.0,0.0,91.2,Excellent,mecA|287|GTTGCTGATGCTGGTGCTAT,40/30/30,91.2,Excellent,66.0,1.0,1.0,61.0,92.66666666666667,61.0
mecA,52,+,TATGACTGAACGTCCGATAA,AGG,40.0,76.0,0,0,0,0,0,100.0,3,3,3,3,1.0,1.0,1.0,100.0,100.0,100.0,0.0,90.4,Excellent,mecA|52|TATGACTGAACGTCCGATAA,40/30/30,90.4,Excellent,109.0,1.0,1.0,102.0,92.0,102.0
mecA,65,-,GCAGCAATGCCAACCTTTAT,CGG,45.0,70.0,0,0,0,0,0,100.0,3,3,3,3,1.0,1.0,1.0,100.0,100.0,100.0,0.0,88.0,Excellent,mecA|65|GCAGCAATGCCAACCTTTAT,40/30/30,88.0,Excellent,133.0,1.0,1.0,123.0,90.0,123.0
