gene,spacer,final_score
blaKPC,CACAATAGGTGCGCGCCCAG,90.4
blaKPC,CCAGCGGTCCAGACGGAACG,90.4
blaKPC,CCCTTGAATGAGCTGCACAG,90.4
blaKPC,GACGAGGTTGGTCAGCGCGG,90.4
blaKPC,CGCGCTGACCAACCTCGTCG,89.2
blaKPC,AACTGTAAGTTACCGCGCTG,89.2
blaKPC,TCTGACAACAGGCATGACGG,89.2
blaKPC,GACAACAGGCATGACGGTGG,89.2
blaKPC,GGAGACAAAACCGGAACCTG,89.2
blaKPC,CAAGGATGACAAGCACAGCG,89.2
blaNDM1,CGGTGATATTGTCACTGGTG,90.4
blaNDM1,GCCGCTGCATTGATGCTGAG,89.2
blaNDM1,GCGCATCAGGACAAGATGGG,89.2
blaNDM1,CGGTATGGACGCGCTGCATG,89.2
blaNDM1,GAACCAGCTTGCCCCGCAAG,89.2
blaNDM1,AGCGCAGCTTGTCGGCCATG,89.2
blaNDM1,GCGGGCCGTATGAGTGATTG,89.2
blaNDM1,CCGTATGAGTGATTGCGGCG,89.2
blaNDM1,ACCAAACGCGCGCGCTGACG,89.2
blaNDM1,GAGCGGGCCAAAGTTGGGCG,89.2
mcr1,AACCTGCGCAGGTAACACAG,90.4
mcr1,GATCAACAAAGGATTCATCG,90.4
mcr1,CGGCATCTCTGGCGTAACGG,90.4
mcr1,GTGACCAGATAAAAGTGCTG,90.4
mcr1,GAGGAATGCTGCCCGGCCTG,90.4
mcr1,GAATGCTGCCCGGCCTGTGG,90.4
mcr1,AATATACCGTCGCCAGGGCG,90.4
mcr1,AAACAAGAACTGCCCGGCTG,90.4
mcr1,CTTCAGGCAGATGCTTACGG,90.4
mcr1,GTACTGCAGTAATGGCTGGG,90.4
mecA,AAAGTGGCAGACAAATTGGG,90.4
mecA,ATCTGGAACTTGTTGAGCAG,89.2
mecA,ATAGTTGTAGTTGTCGGGTT,88.0
mecA,AGACCGAAACAATGTGGAAT,88.0
mecA,GGAGAAAGTGGCAGACAAAT,88.0
mecA,AGTGAAGCAATCCGTAACGA,88.0
mecA,AACCTGGTGAAGTTGTAATC,88.0
mecA,CACGATAGCCATCTTCATGT,88.0
mecA,GATCATAGCGTCATTATTCC,86.8
mecA,AATGTGGAATTGGCCAATAC,86.8
